{"nm":"CreativeScene03","mn":"","layers":[{"ty":5,"nm":"Contact Us","mn":"","sr":1,"st":0,"op":210,"ip":0,"hd":false,"cl":"","ln":"","ddd":0,"bm":0,"hasMask":false,"ao":0,"ks":{"a":{"a":0,"k":[0,0,0],"ix":1},"s":{"a":0,"k":[100,100,100],"ix":6},"sk":{"a":0,"k":0},"p":{"a":0,"k":[254,265.5,0],"ix":2},"sa":{"a":0,"k":0},"o":{"a":0,"k":100,"ix":11},"r":{"a":0,"k":0,"ix":10}},"ef":[],"t":{"m":{"a":{"a":0,"k":[0,0],"ix":2},"g":1},"p":{},"a":[],"d":{"k":[{"s":{"f":"Montserrat-Medium","s":9.96000003814697,"t":"Contact Us","fc":[1,1,1],"lh":11.9520000457764,"tr":0,"j":0,"ca":0},"t":0}]}},"ind":1},{"ty":5,"nm":"UNDER CONSTRUCTION","mn":"","sr":1,"st":0,"op":210,"ip":0,"hd":false,"cl":"","ln":"","ddd":0,"bm":0,"hasMask":false,"ao":0,"ks":{"a":{"a":0,"k":[0,0,0],"ix":1},"s":{"a":0,"k":[100,100,100],"ix":6},"sk":{"a":0,"k":0},"p":{"a":0,"k":[229.5,217.5,0],"ix":2},"sa":{"a":0,"k":0},"o":{"a":0,"k":100,"ix":11},"r":{"a":0,"k":0,"ix":10}},"ef":[],"t":{"m":{"a":{"a":0,"k":[0,0],"ix":2},"g":1},"p":{},"a":[],"d":{"k":[{"s":{"f":"Montserrat-Black","s":27.4400005340576,"t":"UNDER\rCONSTRUCTION","fc":[0.2706,0.3804,0.6039],"lh":23.5200004577637,"tr":0,"j":0,"ca":0},"t":0}]}},"ind":2},{"ty":4,"nm":"Layer 6 Outlines","mn":"","sr":1,"st":0,"op":210,"ip":0,"hd":true,"cl":"","ln":"","ddd":0,"bm":0,"hasMask":false,"ao":0,"ks":{"a":{"a":0,"k":[52.616,12.739,0],"ix":1},"s":{"a":0,"k":[100,100,100],"ix":6},"sk":{"a":0,"k":0},"p":{"a":0,"k":[281.772,261.95,0],"ix":2},"sa":{"a":0,"k":0},"o":{"a":0,"k":100,"ix":11},"r":{"a":0,"k":0,"ix":10}},"ef":[],"shapes":[{"ty":"gr","bm":0,"cl":"","ln":"","hd":false,"mn":"ADBE Vector Group","nm":"Group 1","ix":1,"cix":2,"np":4,"it":[{"ty":"sh","bm":0,"cl":"","ln":"","hd":false,"mn":"ADBE Vector Shape - Group","nm":"Path 1","ix":1,"d":1,"ks":{"a":0,"k":{"c":true,"i":[[6.897,0],[0,0],[0,6.896],[-6.898,0],[0,0],[0,-6.898]],"o":[[0,0],[-6.898,0],[0,-6.898],[0,0],[6.897,0],[0,6.896]],"v":[[39.878,12.489],[-39.876,12.489],[-52.365,0.001],[-39.876,-12.489],[39.878,-12.489],[52.365,0.001]]},"ix":2}},{"ty":"fl","bm":0,"cl":"","ln":"","hd":false,"mn":"ADBE Vector Graphic - Fill","nm":"Fill 1","c":{"a":0,"k":[0.6706,0.8431,0.9059],"ix":4},"r":1,"o":{"a":0,"k":100,"ix":5}},{"ty":"tr","a":{"a":0,"k":[0,0],"ix":1},"s":{"a":0,"k":[100,100],"ix":3},"sk":{"a":0,"k":0,"ix":4},"p":{"a":0,"k":[52.616,12.739],"ix":2},"r":{"a":0,"k":0,"ix":6},"sa":{"a":0,"k":0,"ix":5},"o":{"a":0,"k":100,"ix":7}}]}],"ind":3},{"ty":4,"nm":"Hand R Outlines","mn":"","sr":1,"st":0,"op":210,"ip":0,"hd":false,"cl":"","ln":"","ddd":0,"bm":0,"hasMask":false,"ao":0,"ks":{"a":{"a":0,"k":[9.925,37.66,0],"ix":1},"s":{"a":0,"k":[100,100,100],"ix":6},"sk":{"a":0,"k":0},"p":{"a":1,"k":[{"o":{"x":0.167,"y":0.167},"i":{"x":0.833,"y":0.833},"s":[28.424,8.463,0],"t":0},{"o":{"x":0.167,"y":0.167},"i":{"x":0.667,"y":1},"s":[28.937,9.603,0],"t":21},{"o":{"x":0.333,"y":0},"i":{"x":0.667,"y":1},"s":[29.434,9.542,0],"t":49},{"o":{"x":0.333,"y":0},"i":{"x":0.667,"y":1},"s":[28.424,8.463,0],"t":100},{"o":{"x":0.333,"y":0},"i":{"x":0.667,"y":1},"s":[29.434,9.542,0],"t":147},{"o":{"x":0.167,"y":0.167},"i":{"x":0.833,"y":0.833},"s":[28.424,8.463,0],"t":209}],"ix":2},"sa":{"a":0,"k":0},"o":{"a":0,"k":100,"ix":11},"r":{"a":1,"k":[{"o":{"x":0.167,"y":0.167},"i":{"x":0.833,"y":0.833},"s":[-86.367],"t":0},{"o":{"x":0.167,"y":0.167},"i":{"x":0.667,"y":1},"s":[-14.367],"t":21},{"o":{"x":0.272,"y":0},"i":{"x":0.643,"y":0.542},"s":[1],"t":49},{"o":{"x":0.42,"y":0.437},"i":{"x":0.82,"y":0.837},"s":[-37.229],"t":74},{"o":{"x":0.167,"y":0.167},"i":{"x":0.833,"y":0.833},"s":[-86.367],"t":100},{"o":{"x":0.167,"y":0.167},"i":{"x":0.667,"y":1},"s":[-14.367],"t":119},{"o":{"x":0.333,"y":0},"i":{"x":0.667,"y":1},"s":[1],"t":147},{"o":{"x":0.167,"y":0.167},"i":{"x":0.833,"y":0.833},"s":[-86.367],"t":209}],"ix":10}},"ef":[],"shapes":[{"ty":"gr","bm":0,"cl":"","ln":"","hd":false,"mn":"ADBE Vector Group","nm":"Group 1","ix":1,"cix":2,"np":4,"it":[{"ty":"sh","bm":0,"cl":"","ln":"","hd":false,"mn":"ADBE Vector Shape - Group","nm":"Path 1","ix":1,"d":1,"ks":{"a":0,"k":{"c":true,"i":[[0,0],[-3.889,0.687],[-0.618,1.279],[-0.507,-0.945],[2.459,-2.082],[-0.074,-0.508],[0.189,-1.538],[0.486,-2.307],[1.411,1.035]],"o":[[-0.978,-3.532],[1.969,-0.347],[0.466,-0.966],[1.514,2.822],[-0.722,0.61],[0.224,1.534],[-0.317,2.581],[-3.684,-0.853],[2.387,-4.847]],"v":[[-2.665,-1.439],[-1.128,-6.746],[2.572,-9.754],[4.908,-9.847],[3.132,-2.939],[2.378,-1.159],[2.32,3.48],[1.098,10.792],[-6.422,7.534]]},"ix":2}},{"ty":"fl","bm":0,"cl":"","ln":"","hd":false,"mn":"ADBE Vector Graphic - Fill","nm":"Fill 1","c":{"a":0,"k":[0.9882,0.7294,0.6627],"ix":4},"r":1,"o":{"a":0,"k":100,"ix":5}},{"ty":"tr","a":{"a":0,"k":[0,0],"ix":1},"s":{"a":0,"k":[100,100],"ix":3},"sk":{"a":0,"k":0,"ix":4},"p":{"a":0,"k":[19.627,11.042],"ix":2},"r":{"a":0,"k":0,"ix":6},"sa":{"a":0,"k":0,"ix":5},"o":{"a":0,"k":100,"ix":7}}]},{"ty":"gr","bm":0,"cl":"","ln":"","hd":false,"mn":"ADBE Vector Group","nm":"Group 2","ix":2,"cix":2,"np":4,"it":[{"ty":"sh","bm":0,"cl":"","ln":"","hd":false,"mn":"ADBE Vector Shape - Group","nm":"Path 1","ix":1,"d":1,"ks":{"a":0,"k":{"c":true,"i":[[0,0],[9.104,-10.343],[-2.018,1.492]],"o":[[0,0],[-0.064,-0.749],[6.862,-6.863]],"v":[[6.526,-13.008],[-6.477,13.009],[-4.794,7.297]]},"ix":2}},{"ty":"fl","bm":0,"cl":"","ln":"","hd":false,"mn":"ADBE Vector Graphic - Fill","nm":"Fill 1","c":{"a":0,"k":[0.2431,0.5137,0.5176],"ix":4},"r":1,"o":{"a":0,"k":18,"ix":5}},{"ty":"tr","a":{"a":0,"k":[0,0],"ix":1},"s":{"a":0,"k":[100,100],"ix":3},"sk":{"a":0,"k":0,"ix":4},"p":{"a":0,"k":[10.437,22.611],"ix":2},"r":{"a":0,"k":0,"ix":6},"sa":{"a":0,"k":0,"ix":5},"o":{"a":0,"k":100,"ix":7}}]},{"ty":"gr","bm":0,"cl":"","ln":"","hd":false,"mn":"ADBE Vector Group","nm":"Group 3","ix":3,"cix":2,"np":4,"it":[{"ty":"sh","bm":0,"cl":"","ln":"","hd":false,"mn":"ADBE Vector Shape - Group","nm":"Path 1","ix":1,"d":1,"ks":{"a":0,"k":{"c":true,"i":[[1.514,2.821],[0.466,-0.966],[1.971,-0.348],[-0.978,-3.532],[6.863,-6.862],[-4.742,6.937],[-1.456,11.861],[0.223,1.534],[-0.722,0.611]],"o":[[-0.507,-0.945],[-0.618,1.28],[-3.889,0.687],[0,0],[-5.392,5.139],[3.775,-6.548],[0.189,-1.538],[-0.074,-0.509],[2.46,-2.081]],"v":[[11.386,-23.321],[9.049,-23.229],[5.35,-20.219],[3.814,-14.912],[-7.508,5.391],[0.151,17.329],[8.798,-9.993],[8.855,-14.632],[9.61,-16.413]]},"ix":2}},{"ty":"fl","bm":0,"cl":"","ln":"","hd":false,"mn":"ADBE Vector Graphic - Fill","nm":"Fill 1","c":{"a":0,"k":[0.3843,0.7333,0.7961],"ix":4},"r":1,"o":{"a":0,"k":100,"ix":5}},{"ty":"tr","a":{"a":0,"k":[0,0],"ix":1},"s":{"a":0,"k":[100,100],"ix":3},"sk":{"a":0,"k":0,"ix":4},"p":{"a":0,"k":[13.149,24.516],"ix":2},"r":{"a":0,"k":0,"ix":6},"sa":{"a":0,"k":0,"ix":5},"o":{"a":0,"k":100,"ix":7}}]}],"ind":4,"parent":5},{"ty":4,"nm":"Upper Hand R Outlines","mn":"","sr":1,"st":0,"op":210,"ip":0,"hd":false,"cl":"","ln":"","ddd":0,"bm":0,"hasMask":false,"ao":0,"ks":{"a":{"a":0,"k":[11.114,23.89,0],"ix":1},"s":{"a":0,"k":[100,100,100],"ix":6},"sk":{"a":0,"k":0},"p":{"a":0,"k":[21.01,10.696,0],"ix":2},"sa":{"a":0,"k":0},"o":{"a":0,"k":100,"ix":11},"r":{"a":1,"k":[{"o":{"x":0.167,"y":0.167},"i":{"x":0.833,"y":0.833},"s":[55.143],"t":0},{"o":{"x":0.167,"y":0.167},"i":{"x":0.667,"y":1},"s":[17.143],"t":21},{"o":{"x":0.272,"y":0},"i":{"x":0.643,"y":0.456},"s":[8],"t":49},{"o":{"x":0.42,"y":0.389},"i":{"x":0.82,"y":0.855},"s":[25.391],"t":74},{"o":{"x":0.167,"y":0.167},"i":{"x":0.833,"y":0.833},"s":[55.143],"t":100},{"o":{"x":0.167,"y":0.167},"i":{"x":0.667,"y":1},"s":[17.143],"t":119},{"o":{"x":0.333,"y":0},"i":{"x":0.667,"y":1},"s":[8],"t":147},{"o":{"x":0.167,"y":0.167},"i":{"x":0.833,"y":0.833},"s":[55.143],"t":209}],"ix":10}},"ef":[],"shapes":[{"ty":"gr","bm":0,"cl":"","ln":"","hd":false,"mn":"ADBE Vector Group","nm":"Group 1","ix":1,"cix":2,"np":4,"it":[{"ty":"sh","bm":0,"cl":"","ln":"","hd":false,"mn":"ADBE Vector Shape - Group","nm":"Path 1","ix":1,"d":1,"ks":{"a":0,"k":{"c":true,"i":[[-0.601,-0.138],[9.327,-0.347],[0,0],[-4.874,4.874]],"o":[[-4.76,7.52],[0,0],[7.528,-3.406],[1.7,-0.561]],"v":[[10.476,-7.234],[-10.476,7.453],[-10.471,6.735],[7.849,-7.137]]},"ix":2}},{"ty":"fl","bm":0,"cl":"","ln":"","hd":false,"mn":"ADBE Vector Graphic - Fill","nm":"Fill 1","c":{"a":0,"k":[0.2431,0.5137,0.5176],"ix":4},"r":1,"o":{"a":0,"k":18,"ix":5}},{"ty":"tr","a":{"a":0,"k":[0,0],"ix":1},"s":{"a":0,"k":[100,100],"ix":3},"sk":{"a":0,"k":0,"ix":4},"p":{"a":0,"k":[17.128,9.33],"ix":2},"r":{"a":0,"k":0,"ix":6},"sa":{"a":0,"k":0,"ix":5},"o":{"a":0,"k":100,"ix":7}}]},{"ty":"gr","bm":0,"cl":"","ln":"","hd":false,"mn":"ADBE Vector Group","nm":"Group 2","ix":2,"cix":2,"np":4,"it":[{"ty":"sh","bm":0,"cl":"","ln":"","hd":false,"mn":"ADBE Vector Shape - Group","nm":"Path 1","ix":1,"d":1,"ks":{"a":0,"k":{"c":true,"i":[[6.295,-1.944],[8.832,-3.19],[-10.24,2.543],[0,0],[-6.46,10.384]],"o":[[-5.442,5.442],[-3.703,3.27],[0,0],[0,0],[4.151,-4.893]],"v":[[6.949,-14.289],[-14.076,0.67],[-0.579,13.69],[0.078,13.446],[13.628,-0.719]]},"ix":2}},{"ty":"fl","bm":0,"cl":"","ln":"","hd":false,"mn":"ADBE Vector Graphic - Fill","nm":"Fill 1","c":{"a":0,"k":[0.3843,0.7333,0.7961],"ix":4},"r":1,"o":{"a":0,"k":100,"ix":5}},{"ty":"tr","a":{"a":0,"k":[0,0],"ix":1},"s":{"a":0,"k":[100,100],"ix":3},"sk":{"a":0,"k":0,"ix":4},"p":{"a":0,"k":[18.028,16.483],"ix":2},"r":{"a":0,"k":0,"ix":6},"sa":{"a":0,"k":0,"ix":5},"o":{"a":0,"k":100,"ix":7}}]}],"ind":5,"parent":7},{"ty":4,"nm":"Brush Outlines","mn":"","sr":1,"st":0,"op":210,"ip":0,"hd":false,"cl":"","ln":"","ddd":0,"bm":0,"hasMask":false,"ao":0,"ks":{"a":{"a":0,"k":[13.782,28.871,0],"ix":1},"s":{"a":0,"k":[100,100,100],"ix":6},"sk":{"a":0,"k":0},"p":{"a":0,"k":[19.504,6.827,0],"ix":2},"sa":{"a":0,"k":0},"o":{"a":0,"k":100,"ix":11},"r":{"a":1,"k":[{"o":{"x":0.167,"y":0.167},"i":{"x":0.833,"y":0.833},"s":[52.474],"t":0},{"o":{"x":0.167,"y":0.167},"i":{"x":0.667,"y":1},"s":[24.474],"t":21},{"o":{"x":0.272,"y":0},"i":{"x":0.643,"y":0.596},"s":[21],"t":49},{"o":{"x":0.42,"y":0.487},"i":{"x":0.82,"y":0.818},"s":[36.611],"t":74},{"o":{"x":0.167,"y":0.167},"i":{"x":0.833,"y":0.833},"s":[52.474],"t":100},{"o":{"x":0.167,"y":0.167},"i":{"x":0.667,"y":1},"s":[24.474],"t":119},{"o":{"x":0.333,"y":0},"i":{"x":0.667,"y":1},"s":[21],"t":147},{"o":{"x":0.167,"y":0.167},"i":{"x":0.833,"y":0.833},"s":[52.474],"t":209}],"ix":10}},"ef":[],"shapes":[{"ty":"gr","bm":0,"cl":"","ln":"","hd":false,"mn":"ADBE Vector Group","nm":"Group 1","ix":1,"cix":2,"np":4,"it":[{"ty":"sh","bm":0,"cl":"","ln":"","hd":false,"mn":"ADBE Vector Shape - Group","nm":"Path 1","ix":1,"d":1,"ks":{"a":0,"k":{"c":true,"i":[[-0.553,2.656],[0,0],[1.163,0.04],[0,0],[0.138,-1.136],[0,0],[-0.654,0.164],[-0.057,0.493],[0.126,-2.081],[-1.247,1.223],[-0.488,-1.138],[-2.13,0.184],[-0.163,-1.301],[-0.922,0.163],[-0.703,-0.247],[-1.907,-0.005],[-1.247,-0.651],[-1.531,0.4],[-1.701,-1.417]],"o":[[0,0],[0.037,-1.163],[0,0],[-1.706,-0.001],[0,0],[-0.081,0.669],[0.298,-0.075],[0.163,-1.41],[-0.233,3.805],[1.246,-1.222],[0.488,1.139],[1.199,-0.104],[0.162,1.301],[0.922,-0.162],[1.17,0.411],[2.967,0.008],[1.247,0.651],[1.583,-0.414],[1.052,0.877]],"v":[[14.565,0.131],[14.62,-1.614],[12.582,-3.79],[-12.136,-4.635],[-14.402,-2.696],[-14.576,-1.272],[-13.404,-0.167],[-12.802,-0.953],[-11.229,-0.383],[-8.898,3.413],[-7.001,-1.062],[-4.733,2.184],[-3.26,-0.845],[-1.905,1.323],[-0.468,0.456],[2.482,4.296],[5.197,-0.086],[8.612,1.595],[11.946,-1.344]]},"ix":2}},{"ty":"fl","bm":0,"cl":"","ln":"","hd":false,"mn":"ADBE Vector Graphic - Fill","nm":"Fill 1","c":{"a":0,"k":[0.6706,0.8431,0.9059],"ix":4},"r":1,"o":{"a":0,"k":100,"ix":5}},{"ty":"tr","a":{"a":0,"k":[0,0],"ix":1},"s":{"a":0,"k":[100,100],"ix":3},"sk":{"a":0,"k":0,"ix":4},"p":{"a":0,"k":[14.907,4.886],"ix":2},"r":{"a":0,"k":0,"ix":6},"sa":{"a":0,"k":0,"ix":5},"o":{"a":0,"k":100,"ix":7}}]},{"ty":"gr","bm":0,"cl":"","ln":"","hd":false,"mn":"ADBE Vector Group","nm":"Group 2","ix":2,"cix":2,"np":4,"it":[{"ty":"sh","bm":0,"cl":"","ln":"","hd":false,"mn":"ADBE Vector Shape - Group","nm":"Path 1","ix":1,"d":1,"ks":{"a":0,"k":{"c":true,"i":[[-0.805,-0.038],[0,0],[-0.036,0.808],[0,0],[0.804,0.037],[0,0],[0,0],[0.035,-0.809],[0,0]],"o":[[0,0],[0.808,0.038],[0,0],[0.035,-0.806],[0,0],[0,0],[-0.808,-0.038],[0,0],[-0.035,0.804]],"v":[[-12.943,4.139],[12.525,5.324],[14.054,3.926],[14.337,-2.615],[12.945,-4.14],[9.753,-4.288],[-12.525,-5.324],[-14.053,-3.926],[-14.337,2.617]]},"ix":2}},{"ty":"fl","bm":0,"cl":"","ln":"","hd":false,"mn":"ADBE Vector Graphic - Fill","nm":"Fill 1","c":{"a":0,"k":[1,0.7882,0.1255],"ix":4},"r":1,"o":{"a":0,"k":100,"ix":5}},{"ty":"tr","a":{"a":0,"k":[0,0],"ix":1},"s":{"a":0,"k":[100,100],"ix":3},"sk":{"a":0,"k":0,"ix":4},"p":{"a":0,"k":[14.622,5.753],"ix":2},"r":{"a":0,"k":0,"ix":6},"sa":{"a":0,"k":0,"ix":5},"o":{"a":0,"k":100,"ix":7}}]},{"ty":"gr","bm":0,"cl":"","ln":"","hd":false,"mn":"ADBE Vector Group","nm":"Group 3","ix":3,"cix":2,"np":4,"it":[{"ty":"sh","bm":0,"cl":"","ln":"","hd":false,"mn":"ADBE Vector Shape - Group","nm":"Path 1","ix":1,"d":1,"ks":{"a":0,"k":{"c":true,"i":[[0,0],[-0.868,0.264],[0.006,-0.129],[0,0],[-1.22,-0.057],[-0.034,0],[-0.203,0.062],[1.047,0],[0.034,0.002],[-0.056,1.22]],"o":[[0.045,-0.96],[-0.027,0.122],[0,0],[-0.056,1.22],[0.034,0.002],[0.222,0],[-0.22,0.999],[-0.034,0],[-1.22,-0.057],[0,0]],"v":[[0.308,-26.91],[1.88,-28.916],[1.824,-28.54],[-0.664,24.973],[1.442,27.284],[1.546,27.286],[2.182,27.182],[0.03,28.917],[-0.074,28.914],[-2.18,26.603]]},"ix":2}},{"ty":"fl","bm":0,"cl":"","ln":"","hd":false,"mn":"ADBE Vector Graphic - Fill","nm":"Fill 1","c":{"a":0,"k":[0.0471,0.0549,0.0745],"ix":4},"r":1,"o":{"a":0,"k":100,"ix":5}},{"ty":"tr","a":{"a":0,"k":[0,0],"ix":1},"s":{"a":0,"k":[100,100],"ix":3},"sk":{"a":0,"k":0,"ix":4},"p":{"a":0,"k":[12.067,37.326],"ix":2},"r":{"a":0,"k":0,"ix":6},"sa":{"a":0,"k":0,"ix":5},"o":{"a":0,"k":100,"ix":7}}]},{"ty":"gr","bm":0,"cl":"","ln":"","hd":false,"mn":"ADBE Vector Group","nm":"Group 4","ix":4,"cix":2,"np":4,"it":[{"ty":"sh","bm":0,"cl":"","ln":"","hd":false,"mn":"ADBE Vector Shape - Group","nm":"Path 1","ix":1,"d":1,"ks":{"a":0,"k":{"c":true,"i":[[-0.035,0],[-0.055,1.185],[0,0],[1.22,0.057],[0.057,-1.219],[0,0],[-1.22,-0.057]],"o":[[1.173,0],[0,0],[0.056,-1.219],[-1.212,-0.059],[0,0],[-0.057,1.219],[0.034,0.002]],"v":[[-1.242,28.995],[0.965,26.888],[3.452,-26.626],[1.347,-28.936],[-0.964,-26.831],[-3.452,26.683],[-1.346,28.993]]},"ix":2}},{"ty":"fl","bm":0,"cl":"","ln":"","hd":false,"mn":"ADBE Vector Graphic - Fill","nm":"Fill 1","c":{"a":0,"k":[0.0471,0.0549,0.0745],"ix":4},"r":1,"o":{"a":0,"k":100,"ix":5}},{"ty":"tr","a":{"a":0,"k":[0,0],"ix":1},"s":{"a":0,"k":[100,100],"ix":3},"sk":{"a":0,"k":0,"ix":4},"p":{"a":0,"k":[13.338,37.247],"ix":2},"r":{"a":0,"k":0,"ix":6},"sa":{"a":0,"k":0,"ix":5},"o":{"a":0,"k":100,"ix":7}}]}],"ind":6,"parent":4},{"ty":4,"nm":"Body Outlines","mn":"","sr":1,"st":0,"op":210,"ip":0,"hd":false,"cl":"","ln":"","ddd":0,"bm":0,"hasMask":false,"ao":0,"ks":{"a":{"a":0,"k":[14.452,49.916,0],"ix":1},"s":{"a":0,"k":[100,100,100],"ix":6},"sk":{"a":0,"k":0},"p":{"a":1,"k":[{"o":{"x":0.167,"y":0.167},"i":{"x":0.833,"y":0.833},"s":[130.266,213.981,0],"t":0},{"o":{"x":0.167,"y":0.167},"i":{"x":0.833,"y":0.833},"s":[127.266,213.981,0],"t":21},{"o":{"x":0.167,"y":0.167},"i":{"x":0.667,"y":0.667},"s":[127.266,213.981,0],"t":119},{"o":{"x":0.309,"y":0},"i":{"x":0.667,"y":1},"s":[127.266,213.981,0],"t":147},{"o":{"x":0.167,"y":0.167},"i":{"x":0.833,"y":0.833},"s":[130.266,213.981,0],"t":209}],"ix":2},"sa":{"a":0,"k":0},"o":{"a":0,"k":100,"ix":11},"r":{"a":1,"k":[{"o":{"x":0.167,"y":0.167},"i":{"x":0.833,"y":0.833},"s":[6],"t":0},{"o":{"x":0.167,"y":0.167},"i":{"x":0.667,"y":1},"s":[0],"t":21},{"o":{"x":0.333,"y":0},"i":{"x":0.833,"y":0.833},"s":[-1],"t":49},{"o":{"x":0.167,"y":0.167},"i":{"x":0.833,"y":1},"s":[4],"t":74},{"o":{"x":0.167,"y":0},"i":{"x":0.833,"y":0.833},"s":[8],"t":100},{"o":{"x":0.167,"y":0.167},"i":{"x":0.667,"y":1},"s":[0],"t":119},{"o":{"x":0.333,"y":0},"i":{"x":0.667,"y":1},"s":[-1],"t":147},{"o":{"x":0.167,"y":0.167},"i":{"x":0.833,"y":0.833},"s":[6],"t":209}],"ix":10}},"ef":[],"shapes":[{"ty":"gr","bm":0,"cl":"","ln":"","hd":false,"mn":"ADBE Vector Group","nm":"Group 1","ix":1,"cix":2,"np":4,"it":[{"ty":"sh","bm":0,"cl":"","ln":"","hd":false,"mn":"ADBE Vector Shape - Group","nm":"Path 1","ix":1,"d":1,"ks":{"a":0,"k":{"c":true,"i":[[-2.44,26.974],[0,0],[15.327,6.45]],"o":[[0,0],[0,0],[0,0]],"v":[[12.582,-17.454],[15.327,10.455],[-15.327,15.488]]},"ix":2}},{"ty":"fl","bm":0,"cl":"","ln":"","hd":false,"mn":"ADBE Vector Graphic - Fill","nm":"Fill 1","c":{"a":0,"k":[0.2431,0.5137,0.5176],"ix":4},"r":1,"o":{"a":0,"k":19,"ix":5}},{"ty":"tr","a":{"a":0,"k":[0,0],"ix":1},"s":{"a":0,"k":[100,100],"ix":3},"sk":{"a":0,"k":0,"ix":4},"p":{"a":0,"k":[15.577,33.961],"ix":2},"r":{"a":0,"k":0,"ix":6},"sa":{"a":0,"k":0,"ix":5},"o":{"a":0,"k":100,"ix":7}}]},{"ty":"gr","bm":0,"cl":"","ln":"","hd":false,"mn":"ADBE Vector Group","nm":"Group 2","ix":2,"cix":2,"np":4,"it":[{"ty":"sh","bm":0,"cl":"","ln":"","hd":false,"mn":"ADBE Vector Shape - Group","nm":"Path 1","ix":1,"d":1,"ks":{"a":0,"k":{"c":true,"i":[[0,0],[4.758,-0.606],[0,-2.974],[0.229,-11.896],[-18.072,11.667],[0,0],[1.084,2.205]],"o":[[-3.799,2.08],[0,0],[0,2.973],[0,0],[0,0],[0,0],[-3.522,-7.162]],"v":[[3.87,-26.89],[-8.922,-22.64],[-11.21,-18.751],[-15.327,21.283],[15.327,16.249],[12.582,-11.66],[11.582,-20.755]]},"ix":2}},{"ty":"fl","bm":0,"cl":"","ln":"","hd":false,"mn":"ADBE Vector Graphic - Fill","nm":"Fill 1","c":{"a":0,"k":[0.3843,0.7333,0.7961],"ix":4},"r":1,"o":{"a":0,"k":100,"ix":5}},{"ty":"tr","a":{"a":0,"k":[0,0],"ix":1},"s":{"a":0,"k":[100,100],"ix":3},"sk":{"a":0,"k":0,"ix":4},"p":{"a":0,"k":[15.577,28.167],"ix":2},"r":{"a":0,"k":0,"ix":6},"sa":{"a":0,"k":0,"ix":5},"o":{"a":0,"k":100,"ix":7}}]}],"ind":7},{"ty":4,"nm":"Head Outlines","mn":"","sr":1,"st":0,"op":210,"ip":0,"hd":false,"cl":"","ln":"","ddd":0,"bm":0,"hasMask":false,"ao":0,"ks":{"a":{"a":0,"k":[23.394,27.361,0],"ix":1},"s":{"a":0,"k":[100,100,100],"ix":6},"sk":{"a":0,"k":0},"p":{"a":0,"k":[8.492,1.486,0],"ix":2},"sa":{"a":0,"k":0},"o":{"a":0,"k":100,"ix":11},"r":{"a":1,"k":[{"o":{"x":0.167,"y":0.167},"i":{"x":0.833,"y":0.833},"s":[0],"t":0},{"o":{"x":0.167,"y":0.167},"i":{"x":0.667,"y":1},"s":[0],"t":21},{"o":{"x":0.297,"y":0},"i":{"x":0.675,"y":0.794},"s":[-2],"t":49},{"o":{"x":0.431,"y":-0.777},"i":{"x":0.804,"y":1},"s":[4.297],"t":74},{"o":{"x":0.167,"y":0},"i":{"x":0.833,"y":0.833},"s":[2],"t":100},{"o":{"x":0.167,"y":0.167},"i":{"x":0.667,"y":1},"s":[0],"t":119},{"o":{"x":0.297,"y":0},"i":{"x":0.667,"y":1},"s":[-2],"t":147},{"o":{"x":0.167,"y":0.167},"i":{"x":0.833,"y":0.833},"s":[0],"t":209}],"ix":10}},"ef":[],"shapes":[{"ty":"gr","bm":0,"cl":"","ln":"","hd":false,"mn":"ADBE Vector Group","nm":"Group 1","ix":1,"cix":2,"np":4,"it":[{"ty":"sh","bm":0,"cl":"","ln":"","hd":false,"mn":"ADBE Vector Shape - Group","nm":"Path 1","ix":1,"d":1,"ks":{"a":0,"k":{"c":false,"i":[[0,0],[-0.046,-2.076],[-1.464,0.802]],"o":[[0,0],[0.046,2.077],[0,0]],"v":[[1.28,-2.354],[-2.03,-0.788],[2.03,2.208]]},"ix":2}},{"ty":"fl","bm":0,"cl":"","ln":"","hd":false,"mn":"ADBE Vector Graphic - Fill","nm":"Fill 1","c":{"a":0,"k":[1,0.5137,0.2314],"ix":4},"r":1,"o":{"a":0,"k":100,"ix":5}},{"ty":"tr","a":{"a":0,"k":[0,0],"ix":1},"s":{"a":0,"k":[100,100],"ix":3},"sk":{"a":0,"k":0,"ix":4},"p":{"a":0,"k":[14.829,21.744],"ix":2},"r":{"a":0,"k":0,"ix":6},"sa":{"a":0,"k":0,"ix":5},"o":{"a":0,"k":100,"ix":7}}]},{"ty":"gr","bm":0,"cl":"","ln":"","hd":false,"mn":"ADBE Vector Group","nm":"Group 2","ix":2,"cix":2,"np":5,"it":[{"ty":"sh","bm":0,"cl":"","ln":"","hd":false,"mn":"ADBE Vector Shape - Group","nm":"Path 1","ix":1,"d":1,"ks":{"a":0,"k":{"c":false,"i":[[0,0],[-0.046,-2.076],[-1.464,0.802]],"o":[[0,0],[0.046,2.077],[0,0]],"v":[[1.303,-2.427],[-2.007,-0.861],[2.053,2.135]]},"ix":2}},{"ty":"fl","bm":0,"cl":"","ln":"","hd":false,"mn":"ADBE Vector Graphic - Fill","nm":"Fill 2","c":{"a":0,"k":[0.9882,0.7294,0.6627],"ix":4},"r":1,"o":{"a":0,"k":100,"ix":5}},{"ty":"fl","bm":0,"cl":"","ln":"","hd":false,"mn":"ADBE Vector Graphic - Fill","nm":"Fill 1","c":{"a":0,"k":[1,0.5137,0.2314],"ix":4},"r":1,"o":{"a":0,"k":100,"ix":5}},{"ty":"tr","a":{"a":0,"k":[0,0],"ix":1},"s":{"a":0,"k":[100,100],"ix":3},"sk":{"a":0,"k":0,"ix":4},"p":{"a":0,"k":[14.806,21.817],"ix":2},"r":{"a":0,"k":0,"ix":6},"sa":{"a":0,"k":0,"ix":5},"o":{"a":0,"k":100,"ix":7}}]},{"ty":"gr","bm":0,"cl":"","ln":"","hd":false,"mn":"ADBE Vector Group","nm":"Group 3","ix":3,"cix":2,"np":4,"it":[{"ty":"sh","bm":0,"cl":"","ln":"","hd":false,"mn":"ADBE Vector Shape - Group","nm":"Path 1","ix":1,"d":1,"ks":{"a":0,"k":{"c":true,"i":[[2.13,-1.278],[2.235,2.58],[-1.187,-1.589],[0.199,-0.501],[0,0],[-0.268,0.239],[-4.009,4.847]],"o":[[-5.08,3.049],[-1.35,4.795],[0.322,0.432],[0,0],[-0.133,0.334],[4.03,-3.59],[-1.121,0.816]],"v":[[3.39,-4.069],[-7.811,-6.381],[-5.312,4.27],[-5.115,5.767],[-5.489,6.712],[-4.948,7.097],[8.183,-7.185]]},"ix":2}},{"ty":"fl","bm":0,"cl":"","ln":"","hd":false,"mn":"ADBE Vector Graphic - Fill","nm":"Fill 1","c":{"a":0,"k":[1,0.7882,0.1059],"ix":4},"r":1,"o":{"a":0,"k":100,"ix":5}},{"ty":"tr","a":{"a":0,"k":[0,0],"ix":1},"s":{"a":0,"k":[100,100],"ix":3},"sk":{"a":0,"k":0,"ix":4},"p":{"a":0,"k":[11.646,18.273],"ix":2},"r":{"a":0,"k":0,"ix":6},"sa":{"a":0,"k":0,"ix":5},"o":{"a":0,"k":100,"ix":7}}]},{"ty":"gr","bm":0,"cl":"","ln":"","hd":false,"mn":"ADBE Vector Group","nm":"Group 4","ix":4,"cix":2,"np":4,"it":[{"ty":"sh","bm":0,"cl":"","ln":"","hd":false,"mn":"ADBE Vector Shape - Group","nm":"Path 1","ix":1,"d":1,"ks":{"a":0,"k":{"c":true,"i":[[0,0],[7.86,-7.003],[-0.132,0.334],[0,0],[0.323,0.432],[-7.142,6.738],[-5.584,-2.694],[-0.863,0.885],[-0.537,-0.244]],"o":[[0,0],[-0.268,0.239],[0,0],[0.198,-0.501],[-1.636,-2.19],[2.489,-2.349],[1.113,0.537],[1.525,-1.564],[0.843,0.385]],"v":[[12.347,-10.155],[-7.428,12.44],[-7.97,12.056],[-7.595,11.111],[-7.793,9.613],[-6.735,-6.595],[5.472,-8.396],[8.782,-9.014],[13.034,-12.435]]},"ix":2}},{"ty":"fl","bm":0,"cl":"","ln":"","hd":false,"mn":"ADBE Vector Graphic - Fill","nm":"Fill 1","c":{"a":0,"k":[1,0.7882,0.1255],"ix":4},"r":1,"o":{"a":0,"k":100,"ix":5}},{"ty":"tr","a":{"a":0,"k":[0,0],"ix":1},"s":{"a":0,"k":[100,100],"ix":3},"sk":{"a":0,"k":0,"ix":4},"p":{"a":0,"k":[14.127,12.929],"ix":2},"r":{"a":0,"k":0,"ix":6},"sa":{"a":0,"k":0,"ix":5},"o":{"a":0,"k":100,"ix":7}}]},{"ty":"gr","bm":0,"cl":"","ln":"","hd":false,"mn":"ADBE Vector Group","nm":"Group 5","ix":5,"cix":2,"np":4,"it":[{"ty":"sh","bm":0,"cl":"","ln":"","hd":false,"mn":"ADBE Vector Shape - Group","nm":"Path 1","ix":1,"d":1,"ks":{"a":0,"k":{"c":true,"i":[[-5.133,-8.666],[-0.273,-0.946],[0.549,0.317],[0.647,5.013],[0.006,0.047],[0,0]],"o":[[0.761,1.284],[-0.381,-0.284],[-3.505,-2.028],[-0.006,-0.048],[0,0],[0,0]],"v":[[0.832,7.389],[2.332,10.728],[0.953,9.826],[-6.857,0.077],[-6.869,-0.062],[6.869,-10.728]]},"ix":2}},{"ty":"fl","bm":0,"cl":"","ln":"","hd":false,"mn":"ADBE Vector Graphic - Fill","nm":"Fill 1","c":{"a":0,"k":[0.0471,0.0549,0.0745],"ix":4},"r":1,"o":{"a":0,"k":100,"ix":5}},{"ty":"tr","a":{"a":0,"k":[0,0],"ix":1},"s":{"a":0,"k":[100,100],"ix":3},"sk":{"a":0,"k":0,"ix":4},"p":{"a":0,"k":[14.283,20.209],"ix":2},"r":{"a":0,"k":0,"ix":6},"sa":{"a":0,"k":0,"ix":5},"o":{"a":0,"k":100,"ix":7}}]},{"ty":"gr","bm":0,"cl":"","ln":"","hd":false,"mn":"ADBE Vector Group","nm":"Group 6","ix":6,"cix":2,"np":4,"it":[{"ty":"sh","bm":0,"cl":"","ln":"","hd":false,"mn":"ADBE Vector Shape - Group","nm":"Path 1","ix":1,"d":1,"ks":{"a":0,"k":{"c":true,"i":[[0,0],[3.401,-9.767],[1.027,-4.01],[0,0],[3.506,2.028],[0.647,5.014]],"o":[[0,0],[-1.242,3.565],[-0.541,2.112],[0,0],[-3.505,-2.027],[-0.648,-5.013]],"v":[[-3.639,-9.83],[0.678,-1.801],[6.121,8.618],[4.584,11.568],[1.309,8.13],[-6.5,-1.619]]},"ix":2}},{"ty":"fl","bm":0,"cl":"","ln":"","hd":false,"mn":"ADBE Vector Graphic - Fill","nm":"Fill 1","c":{"a":0,"k":[0.0471,0.0549,0.0745],"ix":4},"r":1,"o":{"a":0,"k":100,"ix":5}},{"ty":"tr","a":{"a":0,"k":[0,0],"ix":1},"s":{"a":0,"k":[100,100],"ix":3},"sk":{"a":0,"k":0,"ix":4},"p":{"a":0,"k":[13.926,21.904],"ix":2},"r":{"a":0,"k":0,"ix":6},"sa":{"a":0,"k":0,"ix":5},"o":{"a":0,"k":100,"ix":7}}]},{"ty":"gr","bm":0,"cl":"","ln":"","hd":false,"mn":"ADBE Vector Group","nm":"Group 7","ix":7,"cix":2,"np":4,"it":[{"ty":"sh","bm":0,"cl":"","ln":"","hd":false,"mn":"ADBE Vector Shape - Group","nm":"Path 1","ix":1,"d":1,"ks":{"a":0,"k":{"c":true,"i":[[0,0],[-6.96,1.096],[3.377,-1.414],[0,0],[9.713,-3.507]],"o":[[0,0],[0,0],[-1.681,0.704],[0,0],[-9.713,3.507]],"v":[[-3.571,-1.591],[9.793,-6.711],[6.499,-4.194],[10.096,-4.695],[-0.383,3.203]]},"ix":2}},{"ty":"fl","bm":0,"cl":"","ln":"","hd":false,"mn":"ADBE Vector Graphic - Fill","nm":"Fill 1","c":{"a":0,"k":[0.0471,0.0549,0.0745],"ix":4},"r":1,"o":{"a":0,"k":100,"ix":5}},{"ty":"tr","a":{"a":0,"k":[0,0],"ix":1},"s":{"a":0,"k":[100,100],"ix":3},"sk":{"a":0,"k":0,"ix":4},"p":{"a":0,"k":[17.527,12.152],"ix":2},"r":{"a":0,"k":0,"ix":6},"sa":{"a":0,"k":0,"ix":5},"o":{"a":0,"k":100,"ix":7}}]},{"ty":"gr","bm":0,"cl":"","ln":"","hd":false,"mn":"ADBE Vector Group","nm":"Group 8","ix":8,"cix":2,"np":4,"it":[{"ty":"sh","bm":0,"cl":"","ln":"","hd":false,"mn":"ADBE Vector Shape - Group","nm":"Path 1","ix":1,"d":1,"ks":{"a":0,"k":{"c":true,"i":[[-0.697,0.956],[0,0],[0,0],[0,0],[-2.466,-0.71],[-0.521,0.423]],"o":[[-10.054,1.907],[0,0],[0,0],[1.843,2.028],[2.972,2.81],[0.969,-0.603]],"v":[[9.908,2.624],[-5.905,-6.927],[-9.908,-1.752],[-8.775,1.898],[-2.641,5.786],[7.384,4.963]]},"ix":2}},{"ty":"fl","bm":0,"cl":"","ln":"","hd":false,"mn":"ADBE Vector Graphic - Fill","nm":"Fill 1","c":{"a":0,"k":[1,0.5137,0.2314],"ix":4},"r":1,"o":{"a":0,"k":100,"ix":5}},{"ty":"tr","a":{"a":0,"k":[0,0],"ix":1},"s":{"a":0,"k":[100,100],"ix":3},"sk":{"a":0,"k":0,"ix":4},"p":{"a":0,"k":[20.259,21.765],"ix":2},"r":{"a":0,"k":0,"ix":6},"sa":{"a":0,"k":0,"ix":5},"o":{"a":0,"k":100,"ix":7}}]},{"ty":"gr","bm":0,"cl":"","ln":"","hd":false,"mn":"ADBE Vector Group","nm":"Group 9","ix":9,"cix":2,"np":4,"it":[{"ty":"sh","bm":0,"cl":"","ln":"","hd":false,"mn":"ADBE Vector Shape - Group","nm":"Path 1","ix":1,"d":1,"ks":{"a":0,"k":{"c":true,"i":[[-8.3,1.479],[-2.985,-1.907],[-1.306,-0.514],[0,0],[0.86,-1.192],[1.697,-3.178],[4.282,0.711],[2.743,3.422]],"o":[[0,0],[2.986,1.907],[1.347,0.531],[0,0],[0,0],[-2.071,3.88],[-4.296,-0.712],[-2.743,-3.423]],"v":[[-4.334,-10.476],[2.088,-9.287],[8.055,-4.146],[10.115,-3.605],[9.706,-1.476],[10.937,5.704],[0.178,10.484],[-9.327,4.992]]},"ix":2}},{"ty":"fl","bm":0,"cl":"","ln":"","hd":false,"mn":"ADBE Vector Graphic - Fill","nm":"Fill 1","c":{"a":0,"k":[0.9882,0.7294,0.6627],"ix":4},"r":1,"o":{"a":0,"k":100,"ix":5}},{"ty":"tr","a":{"a":0,"k":[0,0],"ix":1},"s":{"a":0,"k":[100,100],"ix":3},"sk":{"a":0,"k":0,"ix":4},"p":{"a":0,"k":[19.904,17.611],"ix":2},"r":{"a":0,"k":0,"ix":6},"sa":{"a":0,"k":0,"ix":5},"o":{"a":0,"k":100,"ix":7}}]},{"ty":"gr","bm":0,"cl":"","ln":"","hd":false,"mn":"ADBE Vector Group","nm":"Group 10","ix":10,"cix":2,"np":4,"it":[{"ty":"sh","bm":0,"cl":"","ln":"","hd":false,"mn":"ADBE Vector Shape - Group","nm":"Path 1","ix":1,"d":1,"ks":{"a":0,"k":{"c":true,"i":[[-0.697,0.956],[0,0],[0,0],[0,0],[-2.466,-0.71],[-1.039,0.556]],"o":[[-10.054,1.907],[0,0],[0,0],[1.843,2.028],[2.972,2.81],[0.969,-0.603]],"v":[[9.908,1.789],[-5.905,-7.762],[-9.908,-2.586],[-8.775,1.064],[-2.641,4.952],[7.384,4.129]]},"ix":2}},{"ty":"fl","bm":0,"cl":"","ln":"","hd":false,"mn":"ADBE Vector Graphic - Fill","nm":"Fill 1","c":{"a":0,"k":[0.9882,0.7294,0.6627],"ix":4},"r":1,"o":{"a":0,"k":100,"ix":5}},{"ty":"tr","a":{"a":0,"k":[0,0],"ix":1},"s":{"a":0,"k":[100,100],"ix":3},"sk":{"a":0,"k":0,"ix":4},"p":{"a":0,"k":[20.259,22.599],"ix":2},"r":{"a":0,"k":0,"ix":6},"sa":{"a":0,"k":0,"ix":5},"o":{"a":0,"k":100,"ix":7}}]}],"ind":8,"parent":9},{"ty":4,"nm":"Neck Outlines","mn":"","sr":1,"st":0,"op":210,"ip":0,"hd":false,"cl":"","ln":"","ddd":0,"bm":0,"hasMask":false,"ao":0,"ks":{"a":{"a":0,"k":[7.984,1.023,0],"ix":1},"s":{"a":0,"k":[100,100,100],"ix":6},"sk":{"a":0,"k":0},"p":{"a":0,"k":[9.472,-1.111,0],"ix":2},"sa":{"a":0,"k":0},"o":{"a":0,"k":100,"ix":11},"r":{"a":1,"k":[{"o":{"x":0.167,"y":0.167},"i":{"x":0.833,"y":0.833},"s":[0],"t":0},{"o":{"x":0.167,"y":0.167},"i":{"x":0.667,"y":1},"s":[0],"t":21},{"o":{"x":0.333,"y":0},"i":{"x":0.833,"y":0.833},"s":[-3],"t":49},{"o":{"x":0.167,"y":0.167},"i":{"x":0.667,"y":1},"s":[0],"t":119},{"o":{"x":0.333,"y":0},"i":{"x":0.667,"y":1},"s":[-3],"t":147},{"o":{"x":0.167,"y":0.167},"i":{"x":0.833,"y":0.833},"s":[0],"t":209}],"ix":10}},"ef":[],"shapes":[{"ty":"gr","bm":0,"cl":"","ln":"","hd":false,"mn":"ADBE Vector Group","nm":"Group 1","ix":1,"cix":2,"np":4,"it":[{"ty":"sh","bm":0,"cl":"","ln":"","hd":false,"mn":"ADBE Vector Shape - Group","nm":"Path 1","ix":1,"d":1,"ks":{"a":0,"k":{"c":true,"i":[[-2.466,-0.709],[0,0],[-3.018,0.914],[0,0],[-0.02,2.694]],"o":[[2.972,2.811],[0,0],[0,0],[-1.371,-0.945],[0.969,-0.602]],"v":[[-6.099,-3.411],[-4.208,4.46],[5.767,2.574],[6.402,0.41],[3.926,-4.234]]},"ix":2}},{"ty":"fl","bm":0,"cl":"","ln":"","hd":false,"mn":"ADBE Vector Graphic - Fill","nm":"Fill 1","c":{"a":0,"k":[1,0.5137,0.2314],"ix":4},"r":1,"o":{"a":0,"k":100,"ix":5}},{"ty":"tr","a":{"a":0,"k":[0,0],"ix":1},"s":{"a":0,"k":[100,100],"ix":3},"sk":{"a":0,"k":0,"ix":4},"p":{"a":0,"k":[8.815,5.086],"ix":2},"r":{"a":0,"k":0,"ix":6},"sa":{"a":0,"k":0,"ix":5},"o":{"a":0,"k":100,"ix":7}}]},{"ty":"gr","bm":0,"cl":"","ln":"","hd":false,"mn":"ADBE Vector Group","nm":"Group 2","ix":2,"cix":2,"np":4,"it":[{"ty":"sh","bm":0,"cl":"","ln":"","hd":false,"mn":"ADBE Vector Shape - Group","nm":"Path 1","ix":1,"d":1,"ks":{"a":0,"k":{"c":true,"i":[[-2.466,-0.709],[0,0],[-3.018,0.914],[0,0],[-0.02,2.694]],"o":[[2.972,2.811],[0,0],[0,0],[-1.371,-0.945],[0.969,-0.602]],"v":[[-5.018,-3.223],[-3.126,4.648],[6.849,2.762],[7.484,0.598],[5.008,-4.046]]},"ix":2}},{"ty":"fl","bm":0,"cl":"","ln":"","hd":false,"mn":"ADBE Vector Graphic - Fill","nm":"Fill 1","c":{"a":0,"k":[0.9882,0.7294,0.6627],"ix":4},"r":1,"o":{"a":0,"k":100,"ix":5}},{"ty":"tr","a":{"a":0,"k":[0,0],"ix":1},"s":{"a":0,"k":[100,100],"ix":3},"sk":{"a":0,"k":0,"ix":4},"p":{"a":0,"k":[7.733,4.898],"ix":2},"r":{"a":0,"k":0,"ix":6},"sa":{"a":0,"k":0,"ix":5},"o":{"a":0,"k":100,"ix":7}}]}],"ind":9,"parent":7},{"ty":4,"nm":"Lower Foot R Outlines","mn":"","sr":1,"st":0,"op":210,"ip":0,"hd":false,"cl":"","ln":"","ddd":0,"bm":0,"hasMask":false,"ao":0,"ks":{"a":{"a":0,"k":[19.874,11.255,0],"ix":1},"s":{"a":0,"k":[100,100,100],"ix":6},"sk":{"a":0,"k":0},"p":{"a":0,"k":[43.746,29.095,0],"ix":2},"sa":{"a":0,"k":0},"o":{"a":0,"k":100,"ix":11},"r":{"a":1,"k":[{"o":{"x":0.167,"y":0.167},"i":{"x":0.833,"y":0.833},"s":[1],"t":0},{"o":{"x":0.167,"y":0},"i":{"x":0.667,"y":1},"s":[0],"t":21},{"o":{"x":0.333,"y":0},"i":{"x":0.833,"y":1},"s":[0],"t":49},{"o":{"x":0.167,"y":0},"i":{"x":0.667,"y":1},"s":[0],"t":119},{"o":{"x":0.333,"y":0},"i":{"x":0.667,"y":1},"s":[0],"t":147},{"o":{"x":0.167,"y":0.167},"i":{"x":0.833,"y":0.833},"s":[1],"t":209}],"ix":10}},"ef":[],"shapes":[{"ty":"gr","bm":0,"cl":"","ln":"","hd":false,"mn":"ADBE Vector Group","nm":"Group 1","ix":1,"cix":2,"np":4,"it":[{"ty":"sh","bm":0,"cl":"","ln":"","hd":false,"mn":"ADBE Vector Shape - Group","nm":"Path 1","ix":1,"d":1,"ks":{"a":0,"k":{"c":true,"i":[[1.725,0.702],[1.737,-1.707],[0.135,-8.733],[-3.591,9.712],[-1.345,2.121]],"o":[[0,0],[-6.366,6.255],[0,0],[0,0],[0,0]],"v":[[0.994,-17.437],[4.561,-14.213],[-4.91,17.436],[-0.826,-8.203],[1.834,-14.914]]},"ix":2}},{"ty":"fl","bm":0,"cl":"","ln":"","hd":false,"mn":"ADBE Vector Graphic - Fill","nm":"Fill 1","c":{"a":0,"k":[0.1804,0.1804,0.1804],"ix":4},"r":1,"o":{"a":0,"k":30,"ix":5}},{"ty":"tr","a":{"a":0,"k":[0,0],"ix":1},"s":{"a":0,"k":[100,100],"ix":3},"sk":{"a":0,"k":0,"ix":4},"p":{"a":0,"k":[7.57,30.682],"ix":2},"r":{"a":0,"k":0,"ix":6},"sa":{"a":0,"k":0,"ix":5},"o":{"a":0,"k":100,"ix":7}}]},{"ty":"gr","bm":0,"cl":"","ln":"","hd":false,"mn":"ADBE Vector Group","nm":"Group 2","ix":2,"cix":2,"np":4,"it":[{"ty":"sh","bm":0,"cl":"","ln":"","hd":false,"mn":"ADBE Vector Shape - Group","nm":"Path 1","ix":1,"d":1,"ks":{"a":0,"k":{"c":true,"i":[[0.789,1.264],[-0.614,2.049],[-0.074,-0.019],[-3.896,-0.458],[0,0]],"o":[[-0.524,-0.838],[0.076,0.019],[0.327,1.89],[5.15,0.607],[-1.421,0]],"v":[[-9.017,2.917],[-7.626,-4.029],[-7.407,-3.972],[-2.038,2.315],[9.14,4.022]]},"ix":2}},{"ty":"fl","bm":0,"cl":"","ln":"","hd":false,"mn":"ADBE Vector Graphic - Fill","nm":"Fill 1","c":{"a":0,"k":[0.0471,0.0549,0.0745],"ix":4},"r":1,"o":{"a":0,"k":100,"ix":5}},{"ty":"tr","a":{"a":0,"k":[0,0],"ix":1},"s":{"a":0,"k":[100,100],"ix":3},"sk":{"a":0,"k":0,"ix":4},"p":{"a":0,"k":[10.057,61.828],"ix":2},"r":{"a":0,"k":0,"ix":6},"sa":{"a":0,"k":0,"ix":5},"o":{"a":0,"k":100,"ix":7}}]},{"ty":"gr","bm":0,"cl":"","ln":"","hd":false,"mn":"ADBE Vector Group","nm":"Group 3","ix":3,"cix":2,"np":4,"it":[{"ty":"sh","bm":0,"cl":"","ln":"","hd":false,"mn":"ADBE Vector Shape - Group","nm":"Path 1","ix":1,"d":1,"ks":{"a":0,"k":{"c":true,"i":[[-1.815,1.263],[-1.578,-0.383],[1.421,0],[0.789,1.264],[-0.615,2.049]],"o":[[0.79,1.736],[5.211,1.263],[-1.421,0],[-0.524,-0.838],[3.84,1.021]],"v":[[-1.001,-4.105],[4.367,0.316],[8.63,3.947],[-9.527,2.841],[-8.135,-4.105]]},"ix":2}},{"ty":"fl","bm":0,"cl":"","ln":"","hd":false,"mn":"ADBE Vector Graphic - Fill","nm":"Fill 1","c":{"a":0,"k":[0.0471,0.0549,0.0745],"ix":4},"r":1,"o":{"a":0,"k":100,"ix":5}},{"ty":"tr","a":{"a":0,"k":[0,0],"ix":1},"s":{"a":0,"k":[100,100],"ix":3},"sk":{"a":0,"k":0,"ix":4},"p":{"a":0,"k":[10.566,61.904],"ix":2},"r":{"a":0,"k":0,"ix":6},"sa":{"a":0,"k":0,"ix":5},"o":{"a":0,"k":100,"ix":7}}]},{"ty":"gr","bm":0,"cl":"","ln":"","hd":false,"mn":"ADBE Vector Group","nm":"Group 4","ix":4,"cix":2,"np":4,"it":[{"ty":"sh","bm":0,"cl":"","ln":"","hd":false,"mn":"ADBE Vector Shape - Group","nm":"Path 1","ix":1,"d":1,"ks":{"a":0,"k":{"c":true,"i":[[-0.153,-3.944],[0,0],[9.315,-17.684],[-1.105,-3.316],[-5.21,-1.264],[1.421,0],[0.789,1.264],[0,2.368],[-1.221,7.469],[-2.713,4.372],[1.013,0.395]],"o":[[0,0],[0,0],[0,0],[0,0],[5.211,1.262],[-1.421,0],[-0.79,-1.263],[0,-7.554],[0.309,-1.891],[0.573,-0.923],[5.109,-12.995]],"v":[[14.066,-22.381],[14.084,-22.381],[5.684,-0.908],[-5.684,24.669],[-0.316,29.09],[3.947,32.721],[-14.209,31.615],[-12.726,23.723],[-11.308,1.107],[-5.846,-17.361],[-6.685,-19.885]]},"ix":2}},{"ty":"fl","bm":0,"cl":"","ln":"","hd":false,"mn":"ADBE Vector Graphic - Fill","nm":"Fill 1","c":{"a":0,"k":[0.1686,0.2941,0.5137],"ix":4},"r":1,"o":{"a":0,"k":100,"ix":5}},{"ty":"tr","a":{"a":0,"k":[0,0],"ix":1},"s":{"a":0,"k":[100,100],"ix":3},"sk":{"a":0,"k":0,"ix":4},"p":{"a":0,"k":[15.249,33.13],"ix":2},"r":{"a":0,"k":0,"ix":6},"sa":{"a":0,"k":0,"ix":5},"o":{"a":0,"k":100,"ix":7}}]}],"ind":10,"parent":11},{"ty":4,"nm":"Upper Foot R Outlines","mn":"","sr":1,"st":0,"op":210,"ip":0,"hd":false,"cl":"","ln":"","ddd":0,"bm":0,"hasMask":false,"ao":0,"ks":{"a":{"a":0,"k":[13.575,9.225,0],"ix":1},"s":{"a":0,"k":[100,100,100],"ix":6},"sk":{"a":0,"k":0},"p":{"a":1,"k":[{"o":{"x":0.167,"y":0.167},"i":{"x":0.833,"y":0.833},"s":[129.389,212.319,0],"t":0},{"o":{"x":0.167,"y":0.167},"i":{"x":0.667,"y":0.667},"s":[126.889,212.319,0],"t":21},{"o":{"x":0.333,"y":0},"i":{"x":0.667,"y":1},"s":[126.889,212.319,0],"t":147},{"o":{"x":0.167,"y":0.167},"i":{"x":0.833,"y":0.833},"s":[129.389,212.319,0],"t":209}],"ix":2},"sa":{"a":0,"k":0},"o":{"a":0,"k":100,"ix":11},"r":{"a":1,"k":[{"o":{"x":0.167,"y":0.167},"i":{"x":0.833,"y":0.833},"s":[1],"t":0},{"o":{"x":0.167,"y":0},"i":{"x":0.667,"y":1},"s":[0],"t":21},{"o":{"x":0.333,"y":0},"i":{"x":0.833,"y":1},"s":[0],"t":49},{"o":{"x":0.167,"y":0},"i":{"x":0.667,"y":1},"s":[0],"t":119},{"o":{"x":0.333,"y":0},"i":{"x":0.667,"y":1},"s":[0],"t":147},{"o":{"x":0.167,"y":0.167},"i":{"x":0.833,"y":0.833},"s":[1],"t":209}],"ix":10}},"ef":[],"shapes":[{"ty":"gr","bm":0,"cl":"","ln":"","hd":false,"mn":"ADBE Vector Group","nm":"Group 1","ix":1,"cix":2,"np":4,"it":[{"ty":"sh","bm":0,"cl":"","ln":"","hd":false,"mn":"ADBE Vector Shape - Group","nm":"Path 1","ix":1,"d":1,"ks":{"a":0,"k":{"c":true,"i":[[0.695,5.275],[0,0],[3.036,3.516],[19.519,-1.07],[0,0],[-4.284,-3.717],[-8.076,-3.114]],"o":[[-0.236,-1.792],[0.104,-2.555],[-5.08,-5.882],[0,0],[0,0],[3.751,3.254],[8.077,3.114]],"v":[[26.13,11.365],[26.112,11.365],[22.895,2.64],[-16.506,-15.905],[-26.825,-6.805],[-20.162,0.027],[5.361,13.861]]},"ix":2}},{"ty":"fl","bm":0,"cl":"","ln":"","hd":false,"mn":"ADBE Vector Graphic - Fill","nm":"Fill 1","c":{"a":0,"k":[0.1686,0.2941,0.5137],"ix":4},"r":1,"o":{"a":0,"k":100,"ix":5}},{"ty":"tr","a":{"a":0,"k":[0,0],"ix":1},"s":{"a":0,"k":[100,100],"ix":3},"sk":{"a":0,"k":0,"ix":4},"p":{"a":0,"k":[27.075,17.225],"ix":2},"r":{"a":0,"k":0,"ix":6},"sa":{"a":0,"k":0,"ix":5},"o":{"a":0,"k":100,"ix":7}}]}],"ind":11},{"ty":4,"nm":"Lower Foot L Outlines","mn":"","sr":1,"st":0,"op":210,"ip":0,"hd":false,"cl":"","ln":"","ddd":0,"bm":0,"hasMask":false,"ao":0,"ks":{"a":{"a":0,"k":[6.422,3.257,0],"ix":1},"s":{"a":0,"k":[100,100,100],"ix":6},"sk":{"a":0,"k":0},"p":{"a":0,"k":[7.34,108.578,0],"ix":2},"sa":{"a":0,"k":0},"o":{"a":0,"k":100,"ix":11},"r":{"a":1,"k":[{"o":{"x":0.167,"y":0.167},"i":{"x":0.833,"y":0.833},"s":[0],"t":0},{"o":{"x":0.167,"y":0},"i":{"x":0.667,"y":1},"s":[0],"t":21},{"o":{"x":0.333,"y":0},"i":{"x":0.833,"y":1},"s":[0],"t":49},{"o":{"x":0.167,"y":0},"i":{"x":0.667,"y":1},"s":[0],"t":119},{"o":{"x":0.333,"y":0},"i":{"x":0.667,"y":1},"s":[0],"t":147},{"o":{"x":0.167,"y":0.167},"i":{"x":0.833,"y":0.833},"s":[0],"t":209}],"ix":10}},"ef":[],"shapes":[{"ty":"gr","bm":0,"cl":"","ln":"","hd":false,"mn":"ADBE Vector Group","nm":"Group 1","ix":1,"cix":2,"np":4,"it":[{"ty":"sh","bm":0,"cl":"","ln":"","hd":false,"mn":"ADBE Vector Shape - Group","nm":"Path 1","ix":1,"d":1,"ks":{"a":0,"k":{"c":true,"i":[[-0.564,-0.106],[-2.419,-1.991],[-3.273,-0.34],[1.5,0.75],[-0.715,2.693]],"o":[[-0.223,1.297],[2.657,2.189],[-3.164,0.818],[-1.397,-0.698],[0.684,0.193]],"v":[[-5.531,-4.378],[-3.271,1.188],[9.166,4.647],[-8.677,2.299],[-7.386,-4.814]]},"ix":2}},{"ty":"fl","bm":0,"cl":"","ln":"","hd":false,"mn":"ADBE Vector Graphic - Fill","nm":"Fill 1","c":{"a":0,"k":[0.0471,0.0549,0.0745],"ix":4},"r":1,"o":{"a":0,"k":100,"ix":5}},{"ty":"tr","a":{"a":0,"k":[0,0],"ix":1},"s":{"a":0,"k":[100,100],"ix":3},"sk":{"a":0,"k":0,"ix":4},"p":{"a":0,"k":[10.324,5.678],"ix":2},"r":{"a":0,"k":0,"ix":6},"sa":{"a":0,"k":0,"ix":5},"o":{"a":0,"k":100,"ix":7}}]},{"ty":"gr","bm":0,"cl":"","ln":"","hd":false,"mn":"ADBE Vector Group","nm":"Group 2","ix":2,"cix":2,"np":4,"it":[{"ty":"sh","bm":0,"cl":"","ln":"","hd":false,"mn":"ADBE Vector Shape - Group","nm":"Path 1","ix":1,"d":1,"ks":{"a":0,"k":{"c":true,"i":[[-0.715,2.692],[0,0],[0.421,-1.895],[1.685,0.842]],"o":[[6.571,1.852],[0,3.369],[-0.422,1.894],[-1.396,-0.698]],"v":[[-7.483,-5.144],[-0.145,-5.758],[9.75,3.864],[-8.775,1.969]]},"ix":2}},{"ty":"fl","bm":0,"cl":"","ln":"","hd":false,"mn":"ADBE Vector Graphic - Fill","nm":"Fill 1","c":{"a":0,"k":[0.0471,0.0549,0.0745],"ix":4},"r":1,"o":{"a":0,"k":100,"ix":5}},{"ty":"tr","a":{"a":0,"k":[0,0],"ix":1},"s":{"a":0,"k":[100,100],"ix":3},"sk":{"a":0,"k":0,"ix":4},"p":{"a":0,"k":[10.421,6.007],"ix":2},"r":{"a":0,"k":0,"ix":6},"sa":{"a":0,"k":0,"ix":5},"o":{"a":0,"k":100,"ix":7}}]}],"ind":12,"parent":13},{"ty":4,"nm":"Upper Foot L Outlines","mn":"","sr":1,"st":0,"op":210,"ip":0,"hd":false,"cl":"","ln":"","ddd":0,"bm":0,"hasMask":false,"ao":0,"ks":{"a":{"a":0,"k":[15.262,15.865,0],"ix":1},"s":{"a":0,"k":[100,100,100],"ix":6},"sk":{"a":0,"k":0},"p":{"a":1,"k":[{"o":{"x":0.167,"y":0.167},"i":{"x":0.833,"y":0.833},"s":[126.371,214.353,0],"t":0},{"o":{"x":0.167,"y":0.167},"i":{"x":0.667,"y":0.667},"s":[123.371,214.353,0],"t":21},{"o":{"x":0.333,"y":0},"i":{"x":0.667,"y":1},"s":[123.371,214.353,0],"t":147},{"o":{"x":0.167,"y":0.167},"i":{"x":0.833,"y":0.833},"s":[126.371,214.353,0],"t":209}],"ix":2},"sa":{"a":0,"k":0},"o":{"a":0,"k":100,"ix":11},"r":{"a":1,"k":[{"o":{"x":0.167,"y":0.167},"i":{"x":0.833,"y":0.833},"s":[2],"t":0},{"o":{"x":0.167,"y":0},"i":{"x":0.667,"y":1},"s":[0],"t":21},{"o":{"x":0.333,"y":0},"i":{"x":0.833,"y":1},"s":[0],"t":49},{"o":{"x":0.167,"y":0},"i":{"x":0.667,"y":1},"s":[0],"t":119},{"o":{"x":0.333,"y":0},"i":{"x":0.667,"y":1},"s":[0],"t":147},{"o":{"x":0.167,"y":0.167},"i":{"x":0.833,"y":0.833},"s":[2],"t":209}],"ix":10}},"ef":[],"shapes":[{"ty":"gr","bm":0,"cl":"","ln":"","hd":false,"mn":"ADBE Vector Group","nm":"Group 1","ix":1,"cix":2,"np":4,"it":[{"ty":"sh","bm":0,"cl":"","ln":"","hd":false,"mn":"ADBE Vector Shape - Group","nm":"Path 1","ix":1,"d":1,"ks":{"a":0,"k":{"c":true,"i":[[0.772,-6.58],[-0.678,4.526],[0,0],[0,0],[0,0],[0,0],[0,0]],"o":[[0.444,-5.518],[0.733,-4.894],[0,0],[0,0],[1.698,2.524],[0,0],[0,0]],"v":[[-7.761,42.313],[-2.4,-3.316],[-5.14,-38.844],[-2.186,-42.313],[4.968,-42.313],[7.761,-37.893],[1.656,-5.052]]},"ix":2}},{"ty":"fl","bm":0,"cl":"","ln":"","hd":false,"mn":"ADBE Vector Graphic - Fill","nm":"Fill 1","c":{"a":0,"k":[0.1804,0.1804,0.1804],"ix":4},"r":1,"o":{"a":0,"k":30,"ix":5}},{"ty":"tr","a":{"a":0,"k":[0,0],"ix":1},"s":{"a":0,"k":[100,100],"ix":3},"sk":{"a":0,"k":0,"ix":4},"p":{"a":0,"k":[19.013,62.563],"ix":2},"r":{"a":0,"k":0,"ix":6},"sa":{"a":0,"k":0,"ix":5},"o":{"a":0,"k":100,"ix":7}}]},{"ty":"gr","bm":0,"cl":"","ln":"","hd":false,"mn":"ADBE Vector Group","nm":"Group 2","ix":2,"cix":2,"np":4,"it":[{"ty":"sh","bm":0,"cl":"","ln":"","hd":false,"mn":"ADBE Vector Shape - Group","nm":"Path 1","ix":1,"d":1,"ks":{"a":0,"k":{"c":true,"i":[[0,0],[0,0],[0,-3.368],[6.033,2.218],[0,2.526],[-0.841,8.842],[-1.241,2.962],[0.134,1.199],[-4.707,8.327]],"o":[[0,0],[0,0],[0,3.368],[-1.767,-0.649],[0,-2.526],[0.623,-6.54],[0.467,-1.114],[-0.823,-7.358],[5.474,-9.684]],"v":[[13.262,-32.195],[7.157,0.645],[-2.316,48.705],[-9.839,54.397],[-9.41,47.821],[-12.421,15.171],[-8.091,-0.87],[-7.589,-4.392],[-6.316,-46.931]]},"ix":2}},{"ty":"fl","bm":0,"cl":"","ln":"","hd":false,"mn":"ADBE Vector Graphic - Fill","nm":"Fill 1","c":{"a":0,"k":[0.1686,0.2941,0.5137],"ix":4},"r":1,"o":{"a":0,"k":100,"ix":5}},{"ty":"tr","a":{"a":0,"k":[0,0],"ix":1},"s":{"a":0,"k":[100,100],"ix":3},"sk":{"a":0,"k":0,"ix":4},"p":{"a":0,"k":[13.512,56.865],"ix":2},"r":{"a":0,"k":0,"ix":6},"sa":{"a":0,"k":0,"ix":5},"o":{"a":0,"k":100,"ix":7}}]},{"ty":"gr","bm":0,"cl":"","ln":"","hd":false,"mn":"ADBE Vector Group","nm":"Group 3","ix":3,"cix":2,"np":4,"it":[{"ty":"sh","bm":0,"cl":"","ln":"","hd":false,"mn":"ADBE Vector Shape - Group","nm":"Path 1","ix":1,"d":1,"ks":{"a":0,"k":{"c":true,"i":[[0,0],[0,0],[0,-3.368],[1.684,0.842],[0,2.526],[-0.841,8.842],[-1.241,2.962],[0.134,1.199],[-4.707,8.327]],"o":[[0,0],[0,0],[0,3.368],[-1.684,-0.842],[0,-2.526],[0.623,-6.54],[0.467,-1.114],[-0.823,-7.358],[5.474,-9.684]],"v":[[13.262,-31.507],[7.157,1.333],[-2.316,49.393],[-9.839,55.085],[-9.41,48.509],[-12.421,15.859],[-8.091,-0.182],[-7.589,-3.704],[-6.316,-46.243]]},"ix":2}},{"ty":"fl","bm":0,"cl":"","ln":"","hd":false,"mn":"ADBE Vector Graphic - Fill","nm":"Fill 1","c":{"a":0,"k":[0.9804,0.4157,0.4078],"ix":4},"r":1,"o":{"a":0,"k":100,"ix":5}},{"ty":"tr","a":{"a":0,"k":[0,0],"ix":1},"s":{"a":0,"k":[100,100],"ix":3},"sk":{"a":0,"k":0,"ix":4},"p":{"a":0,"k":[13.512,56.177],"ix":2},"r":{"a":0,"k":0,"ix":6},"sa":{"a":0,"k":0,"ix":5},"o":{"a":0,"k":100,"ix":7}}]}],"ind":13},{"ty":4,"nm":"Hand L Outlines","mn":"","sr":1,"st":0,"op":210,"ip":0,"hd":false,"cl":"","ln":"","ddd":0,"bm":0,"hasMask":false,"ao":0,"ks":{"a":{"a":0,"k":[38.285,5.965,0],"ix":1},"s":{"a":0,"k":[100,100,100],"ix":6},"sk":{"a":0,"k":0},"p":{"a":0,"k":[7.193,11.242,0],"ix":2},"sa":{"a":0,"k":0},"o":{"a":0,"k":100,"ix":11},"r":{"a":1,"k":[{"o":{"x":0.167,"y":0.167},"i":{"x":0.833,"y":0.833},"s":[-12],"t":0},{"o":{"x":0.167,"y":0.167},"i":{"x":0.667,"y":1},"s":[1],"t":21},{"o":{"x":0.333,"y":0},"i":{"x":0.833,"y":1},"s":[0],"t":49},{"o":{"x":0.167,"y":0},"i":{"x":0.833,"y":0.833},"s":[-10],"t":74},{"o":{"x":0.167,"y":0.167},"i":{"x":0.667,"y":1},"s":[1],"t":119},{"o":{"x":0.333,"y":0},"i":{"x":0.667,"y":1},"s":[0],"t":147},{"o":{"x":0.167,"y":0.167},"i":{"x":0.833,"y":0.833},"s":[-12],"t":209}],"ix":10}},"ef":[],"shapes":[{"ty":"gr","bm":0,"cl":"","ln":"","hd":false,"mn":"ADBE Vector Group","nm":"Group 1","ix":1,"cix":2,"np":4,"it":[{"ty":"sh","bm":0,"cl":"","ln":"","hd":false,"mn":"ADBE Vector Shape - Group","nm":"Path 1","ix":1,"d":1,"ks":{"a":0,"k":{"c":true,"i":[[-0.704,0.413],[0,0],[-2.354,3.304],[-1.223,-2.639],[0,0],[0,0],[0.542,-0.925],[-0.594,2.116]],"o":[[2.29,-1.342],[2.605,-1.756],[2.102,1.106],[-5.46,3.463],[-1.704,3.318],[-1.064,-0.275],[-1.112,1.895],[0.222,-0.794]],"v":[[-8.21,3.479],[-3.126,-0.891],[4.337,-8.738],[10.202,-3.189],[-1.049,2.919],[-3.71,5.454],[-6.096,6.844],[-9.609,5.398]]},"ix":2}},{"ty":"fl","bm":0,"cl":"","ln":"","hd":false,"mn":"ADBE Vector Graphic - Fill","nm":"Fill 1","c":{"a":0,"k":[0.9882,0.7294,0.6627],"ix":4},"r":1,"o":{"a":0,"k":100,"ix":5}},{"ty":"tr","a":{"a":0,"k":[0,0],"ix":1},"s":{"a":0,"k":[100,100],"ix":3},"sk":{"a":0,"k":0,"ix":4},"p":{"a":0,"k":[10.452,46.942],"ix":2},"r":{"a":0,"k":0,"ix":6},"sa":{"a":0,"k":0,"ix":5},"o":{"a":0,"k":100,"ix":7}}]},{"ty":"gr","bm":0,"cl":"","ln":"","hd":false,"mn":"ADBE Vector Group","nm":"Group 2","ix":2,"cix":2,"np":4,"it":[{"ty":"sh","bm":0,"cl":"","ln":"","hd":false,"mn":"ADBE Vector Shape - Group","nm":"Path 1","ix":1,"d":1,"ks":{"a":0,"k":{"c":true,"i":[[0,0],[0,0],[3.347,-5.428],[11.273,-7.597],[2.289,-1.343],[-0.553,1.973],[-6.71,9.947]],"o":[[0,0],[0,0],[-3.347,5.428],[0,0],[-0.696,0.407],[0,0],[6.71,-9.947]],"v":[[18.584,-20.325],[17.063,-25.29],[10.658,-19.281],[-13.356,20.511],[-18.44,24.882],[-10.671,23.251],[12.426,7.041]]},"ix":2}},{"ty":"fl","bm":0,"cl":"","ln":"","hd":false,"mn":"ADBE Vector Graphic - Fill","nm":"Fill 1","c":{"a":0,"k":[0.3843,0.7333,0.7961],"ix":4},"r":1,"o":{"a":0,"k":100,"ix":5}},{"ty":"tr","a":{"a":0,"k":[0,0],"ix":1},"s":{"a":0,"k":[100,100],"ix":3},"sk":{"a":0,"k":0,"ix":4},"p":{"a":0,"k":[20.683,25.54],"ix":2},"r":{"a":0,"k":0,"ix":6},"sa":{"a":0,"k":0,"ix":5},"o":{"a":0,"k":100,"ix":7}}]},{"ty":"gr","bm":0,"cl":"","ln":"","hd":false,"mn":"ADBE Vector Group","nm":"Group 3","ix":3,"cix":2,"np":4,"it":[{"ty":"sh","bm":0,"cl":"","ln":"","hd":false,"mn":"ADBE Vector Shape - Group","nm":"Path 1","ix":1,"d":1,"ks":{"a":0,"k":{"c":true,"i":[[0,0],[0,0],[3.347,-5.428],[11.273,-7.597],[2.289,-1.343],[0.093,-1.072],[-2.184,1.158],[-6.71,9.947]],"o":[[0,0],[0,0],[-3.347,5.428],[0,0],[-0.916,0.536],[-0.17,1.982],[0,0],[6.71,-9.947]],"v":[[19.088,-22.437],[17.566,-27.402],[11.161,-21.393],[-12.852,18.398],[-17.936,22.77],[-19.469,25.42],[-9.805,21.585],[12.93,4.928]]},"ix":2}},{"ty":"fl","bm":0,"cl":"","ln":"","hd":false,"mn":"ADBE Vector Graphic - Fill","nm":"Fill 1","c":{"a":0,"k":[0.2431,0.5137,0.5176],"ix":4},"r":1,"o":{"a":0,"k":100,"ix":5}},{"ty":"tr","a":{"a":0,"k":[0,0],"ix":1},"s":{"a":0,"k":[100,100],"ix":3},"sk":{"a":0,"k":0,"ix":4},"p":{"a":0,"k":[20.18,27.652],"ix":2},"r":{"a":0,"k":0,"ix":6},"sa":{"a":0,"k":0,"ix":5},"o":{"a":0,"k":100,"ix":7}}]}],"ind":14,"parent":7},{"ty":4,"nm":"PaintBucket Outlines","mn":"","sr":1,"st":0,"op":210,"ip":0,"hd":false,"cl":"","ln":"","ddd":0,"bm":0,"hasMask":false,"ao":0,"ks":{"a":{"a":0,"k":[14.612,4.276,0],"ix":1},"s":{"a":0,"k":[100,100,100],"ix":6},"sk":{"a":0,"k":0},"p":{"a":1,"k":[{"o":{"x":0.167,"y":0.167},"i":{"x":0.667,"y":0.667},"s":[4.793,53.744,0],"t":0},{"o":{"x":0.167,"y":0.167},"i":{"x":0.833,"y":0.833},"s":[4.793,53.744,0],"t":21}],"ix":2},"sa":{"a":0,"k":0},"o":{"a":0,"k":100,"ix":11},"r":{"a":1,"k":[{"o":{"x":0.333,"y":0},"i":{"x":0.569,"y":1.488},"s":[7],"t":0},{"o":{"x":0.314,"y":0.157},"i":{"x":0.702,"y":1},"s":[3.309],"t":10},{"o":{"x":0.333,"y":0},"i":{"x":0.667,"y":1},"s":[15],"t":24},{"o":{"x":0.167,"y":0},"i":{"x":0.833,"y":1},"s":[-8],"t":43},{"o":{"x":0.167,"y":0},"i":{"x":0.833,"y":1},"s":[2],"t":52},{"o":{"x":0.167,"y":0},"i":{"x":0.833,"y":1},"s":[7],"t":63},{"o":{"x":0.167,"y":0},"i":{"x":0.833,"y":1},"s":[0],"t":78},{"o":{"x":0.167,"y":0},"i":{"x":0.833,"y":1},"s":[4],"t":93},{"o":{"x":0.167,"y":0},"i":{"x":0.833,"y":1},"s":[-2],"t":118},{"o":{"x":0.167,"y":0},"i":{"x":0.833,"y":1},"s":[-2],"t":147},{"o":{"x":0.167,"y":0},"i":{"x":0.833,"y":1},"s":[5],"t":165},{"o":{"x":0.167,"y":0},"i":{"x":0.667,"y":1},"s":[-3],"t":183},{"o":{"x":0.167,"y":0.167},"i":{"x":0.833,"y":0.833},"s":[7],"t":202}],"ix":10}},"ef":[],"shapes":[{"ty":"gr","bm":0,"cl":"","ln":"","hd":false,"mn":"ADBE Vector Group","nm":"Group 1","ix":1,"cix":2,"np":4,"it":[{"ty":"sh","bm":0,"cl":"","ln":"","hd":false,"mn":"ADBE Vector Shape - Group","nm":"Path 1","ix":1,"d":1,"ks":{"a":0,"k":{"c":true,"i":[[-9.346,1.617],[0.079,-1.118],[1.062,0.969],[1.46,-1.698],[0.772,4.376],[0.491,-1.284],[1.984,0],[1.883,0.4],[1.454,-1.999],[1.026,0],[0.763,1.59],[-0.108,0.977],[-0.729,-0.124]],"o":[[1.104,-0.191],[-0.196,2.757],[-1.551,-1.416],[-1.329,1.544],[-0.772,-4.375],[-0.643,1.68],[-2.384,0],[-1.701,-0.363],[-1.752,2.408],[-2.21,0],[-0.423,-0.881],[0.081,-0.734],[3.296,0.559]],"v":[[10.698,-4.491],[12.717,-2.682],[10.98,2.061],[8.063,-2.106],[4.076,0.302],[1.059,-2.165],[-0.54,4.801],[-3.854,-2.165],[-6.275,1.794],[-9.45,-2.165],[-12.372,-0.402],[-12.66,-3.555],[-11.165,-4.678]]},"ix":2}},{"ty":"fl","bm":0,"cl":"","ln":"","hd":false,"mn":"ADBE Vector Graphic - Fill","nm":"Fill 1","c":{"a":0,"k":[0.6706,0.8431,0.9059],"ix":4},"r":1,"o":{"a":0,"k":100,"ix":5}},{"ty":"tr","a":{"a":0,"k":[0,0],"ix":1},"s":{"a":0,"k":[100,100],"ix":3},"sk":{"a":0,"k":0,"ix":4},"p":{"a":0,"k":[14.38,23.695],"ix":2},"r":{"a":0,"k":0,"ix":6},"sa":{"a":0,"k":0,"ix":5},"o":{"a":0,"k":100,"ix":7}}]},{"ty":"gr","bm":0,"cl":"","ln":"","hd":false,"mn":"ADBE Vector Group","nm":"Group 2","ix":2,"cix":2,"np":4,"it":[{"ty":"sh","bm":0,"cl":"","ln":"","hd":false,"mn":"ADBE Vector Shape - Group","nm":"Path 1","ix":1,"d":1,"ks":{"a":0,"k":{"c":true,"i":[[-15.918,-0.441],[0,0],[6.961,0],[0,0.855],[0,0]],"o":[[0,0],[0,0.855],[-6.961,0],[0,0],[2.028,12.761]],"v":[[12.604,8.574],[12.604,12.031],[0,14.136],[-12.605,12.031],[-12.605,-14.135]]},"ix":2}},{"ty":"fl","bm":0,"cl":"","ln":"","hd":false,"mn":"ADBE Vector Graphic - Fill","nm":"Fill 1","c":{"a":0,"k":[1,0.7882,0.1059],"ix":4},"r":1,"o":{"a":0,"k":100,"ix":5}},{"ty":"tr","a":{"a":0,"k":[0,0],"ix":1},"s":{"a":0,"k":[100,100],"ix":3},"sk":{"a":0,"k":0,"ix":4},"p":{"a":0,"k":[14.612,35.665],"ix":2},"r":{"a":0,"k":0,"ix":6},"sa":{"a":0,"k":0,"ix":5},"o":{"a":0,"k":100,"ix":7}}]},{"ty":"gr","bm":0,"cl":"","ln":"","hd":false,"mn":"ADBE Vector Group","nm":"Group 3","ix":3,"cix":2,"np":4,"it":[{"ty":"sh","bm":0,"cl":"","ln":"","hd":false,"mn":"ADBE Vector Shape - Group","nm":"Path 1","ix":1,"d":1,"ks":{"a":0,"k":{"c":true,"i":[[-1.883,-0.488],[4.694,0],[1.883,0.489],[-4.693,0]],"o":[[-1.883,0.489],[-4.693,0],[1.883,-0.488],[4.694,0]],"v":[[10.615,-0.001],[0,0.827],[-10.615,-0.001],[0,-0.827]]},"ix":2}},{"ty":"fl","bm":0,"cl":"","ln":"","hd":false,"mn":"ADBE Vector Graphic - Fill","nm":"Fill 1","c":{"a":0,"k":[0.4588,0.7098,0.7882],"ix":4},"r":1,"o":{"a":0,"k":100,"ix":5}},{"ty":"tr","a":{"a":0,"k":[0,0],"ix":1},"s":{"a":0,"k":[100,100],"ix":3},"sk":{"a":0,"k":0,"ix":4},"p":{"a":0,"k":[13.841,19.504],"ix":2},"r":{"a":0,"k":0,"ix":6},"sa":{"a":0,"k":0,"ix":5},"o":{"a":0,"k":100,"ix":7}}]},{"ty":"gr","bm":0,"cl":"","ln":"","hd":false,"mn":"ADBE Vector Group","nm":"Group 4","ix":4,"cix":2,"np":4,"it":[{"ty":"sh","bm":0,"cl":"","ln":"","hd":false,"mn":"ADBE Vector Shape - Group","nm":"Path 1","ix":1,"d":1,"ks":{"a":0,"k":{"c":true,"i":[[0,-0.855],[-6.96,0],[0,0.855],[6.962,0]],"o":[[0,0.855],[6.962,0],[0,-0.855],[-6.96,0]],"v":[[-12.605,0],[-0.001,1.548],[12.605,0],[-0.001,-1.548]]},"ix":2}},{"ty":"fl","bm":0,"cl":"","ln":"","hd":false,"mn":"ADBE Vector Graphic - Fill","nm":"Fill 1","c":{"a":0,"k":[1,0.6706,0.0588],"ix":4},"r":1,"o":{"a":0,"k":100,"ix":5}},{"ty":"tr","a":{"a":0,"k":[0,0],"ix":1},"s":{"a":0,"k":[100,100],"ix":3},"sk":{"a":0,"k":0,"ix":4},"p":{"a":0,"k":[14.612,18.782],"ix":2},"r":{"a":0,"k":0,"ix":6},"sa":{"a":0,"k":0,"ix":5},"o":{"a":0,"k":100,"ix":7}}]},{"ty":"gr","bm":0,"cl":"","ln":"","hd":false,"mn":"ADBE Vector Group","nm":"Group 5","ix":5,"cix":2,"np":4,"it":[{"ty":"sh","bm":0,"cl":"","ln":"","hd":false,"mn":"ADBE Vector Shape - Group","nm":"Path 1","ix":1,"d":1,"ks":{"a":0,"k":{"c":true,"i":[[0,0],[0,0],[6.961,0],[0,0.856],[0,0]],"o":[[0,0],[0,0.856],[-6.961,0],[0,0],[0,0]],"v":[[12.605,-15.51],[12.605,13.404],[0.001,15.51],[-12.605,13.404],[-12.605,-15.51]]},"ix":2}},{"ty":"fl","bm":0,"cl":"","ln":"","hd":false,"mn":"ADBE Vector Graphic - Fill","nm":"Fill 1","c":{"a":0,"k":[1,0.7882,0.1255],"ix":4},"r":1,"o":{"a":0,"k":100,"ix":5}},{"ty":"tr","a":{"a":0,"k":[0,0],"ix":1},"s":{"a":0,"k":[100,100],"ix":3},"sk":{"a":0,"k":0,"ix":4},"p":{"a":0,"k":[14.612,34.292],"ix":2},"r":{"a":0,"k":0,"ix":6},"sa":{"a":0,"k":0,"ix":5},"o":{"a":0,"k":100,"ix":7}}]},{"ty":"gr","bm":0,"cl":"","ln":"","hd":false,"mn":"ADBE Vector Group","nm":"Group 6","ix":6,"cix":2,"np":2,"it":[{"ty":"sh","bm":0,"cl":"","ln":"","hd":false,"mn":"ADBE Vector Shape - Group","nm":"Path 1","ix":1,"d":1,"ks":{"a":0,"k":{"c":true,"i":[[0,0],[0,0],[13.402,-0.69],[0,-16.739]],"o":[[0,0],[0,0],[0,0],[0,16.738]],"v":[[7.647,4.905],[12.112,-1.025],[-1.886,-16.511],[-12.112,0.463]]},"ix":2}},{"ty":"st","bm":0,"cl":"","ln":"","hd":false,"mn":"ADBE Vector Graphic - Stroke","nm":"Stroke 1","lc":1,"lj":1,"ml":10,"o":{"a":0,"k":100,"ix":4},"w":{"a":0,"k":1,"ix":5},"d":[],"c":{"a":0,"k":[0.1686,0.2941,0.5137],"ix":3}},{"ty":"tr","a":{"a":0,"k":[0,0],"ix":1},"s":{"a":0,"k":[100,100],"ix":3},"sk":{"a":0,"k":0,"ix":4},"p":{"a":0,"k":[14.612,19.701],"ix":2},"r":{"a":0,"k":0,"ix":6},"sa":{"a":0,"k":0,"ix":5},"o":{"a":0,"k":100,"ix":7}}]}],"ind":15,"parent":14},{"ty":3,"nm":"","mn":"","sr":1,"st":0,"op":210,"ip":0,"hd":false,"cl":"","ln":"","ddd":0,"bm":0,"hasMask":false,"ao":0,"ks":{"a":{"a":0,"k":[18.434,10.466,0],"ix":1},"s":{"a":0,"k":[100,100,100],"ix":6},"sk":{"a":0,"k":0},"p":{"a":0,"k":[330.724,396.594,0],"ix":2},"sa":{"a":0,"k":0},"o":{"a":0,"k":100,"ix":11},"r":{"a":0,"k":0,"ix":10}},"ef":[],"ind":16},{"ty":3,"nm":"","mn":"","sr":1,"st":0,"op":210,"ip":0,"hd":false,"cl":"","ln":"","ddd":0,"bm":0,"hasMask":false,"ao":0,"ks":{"a":{"a":0,"k":[1.309,37.381,0],"ix":1},"s":{"a":0,"k":[100,100,100],"ix":6},"sk":{"a":0,"k":0},"p":{"a":0,"k":[336.741,387.246,0],"ix":2},"sa":{"a":0,"k":0},"o":{"a":0,"k":100,"ix":11},"r":{"a":1,"k":[{"o":{"x":0.333,"y":0},"i":{"x":0.667,"y":1},"s":[0],"t":0},{"o":{"x":0.333,"y":0},"i":{"x":0.667,"y":1},"s":[7],"t":53},{"o":{"x":0.333,"y":0},"i":{"x":0.667,"y":1},"s":[-2],"t":109},{"o":{"x":0.333,"y":0},"i":{"x":0.667,"y":1},"s":[7],"t":162},{"o":{"x":0.167,"y":0.167},"i":{"x":0.833,"y":0.833},"s":[0],"t":209}],"ix":10}},"ef":[],"ind":17},{"ty":3,"nm":"","mn":"","sr":1,"st":0,"op":210,"ip":0,"hd":true,"cl":"","ln":"","ddd":0,"bm":0,"hasMask":false,"ao":0,"ks":{"a":{"a":0,"k":[3.478,60.068,0],"ix":1},"s":{"a":0,"k":[100,100,100],"ix":6},"sk":{"a":0,"k":0},"p":{"a":0,"k":[334.124,386.659,0],"ix":2},"sa":{"a":0,"k":0},"o":{"a":0,"k":100,"ix":11},"r":{"a":1,"k":[{"o":{"x":0.167,"y":0.167},"i":{"x":0.667,"y":1},"s":[0],"t":0},{"o":{"x":0.333,"y":0},"i":{"x":0.667,"y":1},"s":[-5],"t":58},{"o":{"x":0.333,"y":0},"i":{"x":0.833,"y":0.833},"s":[5],"t":158},{"o":{"x":0.167,"y":0.167},"i":{"x":0.833,"y":0.833},"s":[0],"t":209}],"ix":10}},"ef":[],"ind":18},{"ty":3,"nm":"","mn":"","sr":1,"st":0,"op":210,"ip":0,"hd":false,"cl":"","ln":"","ddd":0,"bm":0,"hasMask":false,"ao":0,"ks":{"a":{"a":0,"k":[24.357,71.295,0],"ix":1},"s":{"a":0,"k":[100,100,100],"ix":6},"sk":{"a":0,"k":0},"p":{"a":0,"k":[329.972,388.226,0],"ix":2},"sa":{"a":0,"k":0},"o":{"a":0,"k":100,"ix":11},"r":{"a":1,"k":[{"o":{"x":0.333,"y":0},"i":{"x":0.667,"y":1},"s":[0],"t":0},{"o":{"x":0.333,"y":0},"i":{"x":0.667,"y":1},"s":[8],"t":109},{"o":{"x":0.167,"y":0.167},"i":{"x":0.833,"y":0.833},"s":[0],"t":209}],"ix":10}},"ef":[],"ind":19},{"ty":3,"nm":"","mn":"","sr":1,"st":0,"op":210,"ip":0,"hd":false,"cl":"","ln":"","ddd":0,"bm":0,"hasMask":false,"ao":0,"ks":{"a":{"a":0,"k":[52.392,43.167,0],"ix":1},"s":{"a":0,"k":[100,100,100],"ix":6},"sk":{"a":0,"k":0},"p":{"a":0,"k":[323.132,386.987,0],"ix":2},"sa":{"a":0,"k":0},"o":{"a":0,"k":100,"ix":11},"r":{"a":1,"k":[{"o":{"x":0.167,"y":0.167},"i":{"x":0.667,"y":1},"s":[0],"t":0},{"o":{"x":0.333,"y":0},"i":{"x":0.667,"y":1},"s":[-5],"t":53},{"o":{"x":0.333,"y":0},"i":{"x":0.833,"y":0.833},"s":[2],"t":162},{"o":{"x":0.167,"y":0.167},"i":{"x":0.833,"y":0.833},"s":[0],"t":209}],"ix":10}},"ef":[],"ind":20},{"ty":4,"nm":"Layer 4 Outlines","mn":"","sr":1,"st":0,"op":210,"ip":0,"hd":false,"cl":"","ln":"","ddd":0,"bm":0,"hasMask":false,"ao":0,"ks":{"a":{"a":0,"k":[105.716,92.927,0],"ix":1},"s":{"a":0,"k":[100,100,100],"ix":6},"sk":{"a":0,"k":0},"p":{"a":0,"k":[153.784,315.207,0],"ix":2},"sa":{"a":0,"k":0},"o":{"a":0,"k":100,"ix":11},"r":{"a":0,"k":0,"ix":10}},"ef":[],"shapes":[{"ty":"gr","bm":0,"cl":"","ln":"","hd":false,"mn":"ADBE Vector Group","nm":"Group 1","ix":1,"cix":2,"np":4,"it":[{"ty":"sh","bm":0,"cl":"","ln":"","hd":false,"mn":"ADBE Vector Shape - Group","nm":"Path 1","ix":1,"d":1,"ks":{"a":0,"k":{"c":true,"i":[[1.569,0],[0,0],[0,1.57],[-1.57,0],[0,0],[0,-1.569]],"o":[[0,0],[-1.57,0],[0,-1.569],[0,0],[1.569,0],[0,1.57]],"v":[[32.214,2.842],[-32.213,2.842],[-35.055,0],[-32.213,-2.842],[32.214,-2.842],[35.055,0]]},"ix":2}},{"ty":"fl","bm":0,"cl":"","ln":"","hd":false,"mn":"ADBE Vector Graphic - Fill","nm":"Fill 1","c":{"a":0,"k":[0.2588,0.2824,0.5255],"ix":4},"r":1,"o":{"a":0,"k":100,"ix":5}},{"ty":"tr","a":{"a":0,"k":[0,0],"ix":1},"s":{"a":0,"k":[100,100],"ix":3},"sk":{"a":0,"k":0,"ix":4},"p":{"a":0,"k":[49.098,146.099],"ix":2},"r":{"a":0,"k":0,"ix":6},"sa":{"a":0,"k":0,"ix":5},"o":{"a":0,"k":100,"ix":7}}]},{"ty":"gr","bm":0,"cl":"","ln":"","hd":false,"mn":"ADBE Vector Group","nm":"Group 2","ix":2,"cix":2,"np":4,"it":[{"ty":"sh","bm":0,"cl":"","ln":"","hd":false,"mn":"ADBE Vector Shape - Group","nm":"Path 1","ix":1,"d":1,"ks":{"a":0,"k":{"c":true,"i":[[1.57,0],[0,0],[0,1.57],[-1.57,0],[0,0],[0,-1.569]],"o":[[0,0],[-1.57,0],[0,-1.569],[0,0],[1.57,0],[0,1.57]],"v":[[32.213,2.842],[-32.213,2.842],[-35.055,0.001],[-32.213,-2.842],[32.213,-2.842],[35.055,0.001]]},"ix":2}},{"ty":"fl","bm":0,"cl":"","ln":"","hd":false,"mn":"ADBE Vector Graphic - Fill","nm":"Fill 1","c":{"a":0,"k":[0.2588,0.2824,0.5255],"ix":4},"r":1,"o":{"a":0,"k":100,"ix":5}},{"ty":"tr","a":{"a":0,"k":[0,0],"ix":1},"s":{"a":0,"k":[100,100],"ix":3},"sk":{"a":0,"k":0,"ix":4},"p":{"a":0,"k":[59.431,119.607],"ix":2},"r":{"a":0,"k":0,"ix":6},"sa":{"a":0,"k":0,"ix":5},"o":{"a":0,"k":100,"ix":7}}]},{"ty":"gr","bm":0,"cl":"","ln":"","hd":false,"mn":"ADBE Vector Group","nm":"Group 3","ix":3,"cix":2,"np":4,"it":[{"ty":"sh","bm":0,"cl":"","ln":"","hd":false,"mn":"ADBE Vector Shape - Group","nm":"Path 1","ix":1,"d":1,"ks":{"a":0,"k":{"c":true,"i":[[1.569,0],[0,0],[0,1.57],[-1.57,0],[0,0],[0,-1.569]],"o":[[0,0],[-1.57,0],[0,-1.569],[0,0],[1.569,0],[0,1.57]],"v":[[32.214,2.842],[-32.213,2.842],[-35.055,0],[-32.213,-2.842],[32.214,-2.842],[35.055,0]]},"ix":2}},{"ty":"fl","bm":0,"cl":"","ln":"","hd":false,"mn":"ADBE Vector Graphic - Fill","nm":"Fill 1","c":{"a":0,"k":[0.2588,0.2824,0.5255],"ix":4},"r":1,"o":{"a":0,"k":100,"ix":5}},{"ty":"tr","a":{"a":0,"k":[0,0],"ix":1},"s":{"a":0,"k":[100,100],"ix":3},"sk":{"a":0,"k":0,"ix":4},"p":{"a":0,"k":[68.5,93.116],"ix":2},"r":{"a":0,"k":0,"ix":6},"sa":{"a":0,"k":0,"ix":5},"o":{"a":0,"k":100,"ix":7}}]},{"ty":"gr","bm":0,"cl":"","ln":"","hd":false,"mn":"ADBE Vector Group","nm":"Group 4","ix":4,"cix":2,"np":4,"it":[{"ty":"sh","bm":0,"cl":"","ln":"","hd":false,"mn":"ADBE Vector Shape - Group","nm":"Path 1","ix":1,"d":1,"ks":{"a":0,"k":{"c":true,"i":[[1.569,0],[0,0],[0,1.57],[-1.57,0],[0,0],[0,-1.569]],"o":[[0,0],[-1.57,0],[0,-1.569],[0,0],[1.569,0],[0,1.57]],"v":[[32.213,2.842],[-32.213,2.842],[-35.055,0],[-32.213,-2.842],[32.213,-2.842],[35.055,0]]},"ix":2}},{"ty":"fl","bm":0,"cl":"","ln":"","hd":false,"mn":"ADBE Vector Graphic - Fill","nm":"Fill 1","c":{"a":0,"k":[0.2588,0.2824,0.5255],"ix":4},"r":1,"o":{"a":0,"k":100,"ix":5}},{"ty":"tr","a":{"a":0,"k":[0,0],"ix":1},"s":{"a":0,"k":[100,100],"ix":3},"sk":{"a":0,"k":0,"ix":4},"p":{"a":0,"k":[80.5,64.512],"ix":2},"r":{"a":0,"k":0,"ix":6},"sa":{"a":0,"k":0,"ix":5},"o":{"a":0,"k":100,"ix":7}}]},{"ty":"gr","bm":0,"cl":"","ln":"","hd":false,"mn":"ADBE Vector Group","nm":"Group 5","ix":5,"cix":2,"np":4,"it":[{"ty":"sh","bm":0,"cl":"","ln":"","hd":false,"mn":"ADBE Vector Shape - Group","nm":"Path 1","ix":1,"d":1,"ks":{"a":0,"k":{"c":true,"i":[[1.569,0],[0,0],[0,1.57],[-1.57,0],[0,0],[0,-1.569]],"o":[[0,0],[-1.57,0],[0,-1.569],[0,0],[1.569,0],[0,1.57]],"v":[[32.213,2.842],[-32.213,2.842],[-35.055,0],[-32.213,-2.842],[32.213,-2.842],[35.055,0]]},"ix":2}},{"ty":"fl","bm":0,"cl":"","ln":"","hd":false,"mn":"ADBE Vector Graphic - Fill","nm":"Fill 1","c":{"a":0,"k":[0.2588,0.2824,0.5255],"ix":4},"r":1,"o":{"a":0,"k":100,"ix":5}},{"ty":"tr","a":{"a":0,"k":[0,0],"ix":1},"s":{"a":0,"k":[100,100],"ix":3},"sk":{"a":0,"k":0,"ix":4},"p":{"a":0,"k":[92.276,34.564],"ix":2},"r":{"a":0,"k":0,"ix":6},"sa":{"a":0,"k":0,"ix":5},"o":{"a":0,"k":100,"ix":7}}]},{"ty":"gr","bm":0,"cl":"","ln":"","hd":false,"mn":"ADBE Vector Group","nm":"Group 6","ix":6,"cix":2,"np":4,"it":[{"ty":"sh","bm":0,"cl":"","ln":"","hd":false,"mn":"ADBE Vector Shape - Group","nm":"Path 1","ix":1,"d":1,"ks":{"a":0,"k":{"c":true,"i":[[1.134,0],[0.341,0.134],[-0.574,1.461],[0,0],[-1.463,-0.573],[0.574,-1.461],[0,0]],"o":[[-0.345,0],[-1.462,-0.574],[0,0],[0.574,-1.46],[1.461,0.574],[0,0],[-0.44,1.119]],"v":[[-35.227,92.676],[-36.265,92.479],[-37.871,88.794],[32.58,-90.497],[36.265,-92.103],[37.871,-88.418],[-32.581,90.873]]},"ix":2}},{"ty":"fl","bm":0,"cl":"","ln":"","hd":false,"mn":"ADBE Vector Graphic - Fill","nm":"Fill 1","c":{"a":0,"k":[0.2588,0.2824,0.5255],"ix":4},"r":1,"o":{"a":0,"k":100,"ix":5}},{"ty":"tr","a":{"a":0,"k":[0,0],"ix":1},"s":{"a":0,"k":[100,100],"ix":3},"sk":{"a":0,"k":0,"ix":4},"p":{"a":0,"k":[38.695,92.928],"ix":2},"r":{"a":0,"k":0,"ix":6},"sa":{"a":0,"k":0,"ix":5},"o":{"a":0,"k":100,"ix":7}}]},{"ty":"gr","bm":0,"cl":"","ln":"","hd":false,"mn":"ADBE Vector Group","nm":"Group 7","ix":7,"cix":2,"np":4,"it":[{"ty":"sh","bm":0,"cl":"","ln":"","hd":false,"mn":"ADBE Vector Shape - Group","nm":"Path 1","ix":1,"d":1,"ks":{"a":0,"k":{"c":true,"i":[[1.134,0],[0.341,0.134],[-0.574,1.461],[0,0],[-1.462,-0.573],[0.574,-1.461],[0,0]],"o":[[-0.345,0],[-1.462,-0.574],[0,0],[0.574,-1.46],[1.461,0.574],[0,0],[-0.44,1.119]],"v":[[-35.227,92.676],[-36.265,92.479],[-37.871,88.794],[32.58,-90.497],[36.265,-92.103],[37.871,-88.418],[-32.581,90.873]]},"ix":2}},{"ty":"fl","bm":0,"cl":"","ln":"","hd":false,"mn":"ADBE Vector Graphic - Fill","nm":"Fill 1","c":{"a":0,"k":[0.2588,0.2824,0.5255],"ix":4},"r":1,"o":{"a":0,"k":100,"ix":5}},{"ty":"tr","a":{"a":0,"k":[0,0],"ix":1},"s":{"a":0,"k":[100,100],"ix":3},"sk":{"a":0,"k":0,"ix":4},"p":{"a":0,"k":[101.482,92.928],"ix":2},"r":{"a":0,"k":0,"ix":6},"sa":{"a":0,"k":0,"ix":5},"o":{"a":0,"k":100,"ix":7}}]},{"ty":"gr","bm":0,"cl":"","ln":"","hd":false,"mn":"ADBE Vector Group","nm":"Group 8","ix":8,"cix":2,"np":4,"it":[{"ty":"sh","bm":0,"cl":"","ln":"","hd":false,"mn":"ADBE Vector Shape - Group","nm":"Path 1","ix":1,"d":1,"ks":{"a":0,"k":{"c":true,"i":[[1.569,0],[0,0],[0,1.57],[-1.57,0],[0,0],[0,-1.569]],"o":[[0,0],[-1.57,0],[0,-1.569],[0,0],[1.569,0],[0,1.57]],"v":[[32.214,2.842],[-32.213,2.842],[-35.055,0],[-32.213,-2.842],[32.214,-2.842],[35.055,0]]},"ix":2}},{"ty":"fl","bm":0,"cl":"","ln":"","hd":false,"mn":"ADBE Vector Graphic - Fill","nm":"Fill 1","c":{"a":0,"k":[0.2588,0.2824,0.5255],"ix":4},"r":1,"o":{"a":0,"k":100,"ix":5}},{"ty":"tr","a":{"a":0,"k":[0,0],"ix":1},"s":{"a":0,"k":[100,100],"ix":3},"sk":{"a":0,"k":0,"ix":4},"p":{"a":0,"k":[162.331,146.099],"ix":2},"r":{"a":0,"k":0,"ix":6},"sa":{"a":0,"k":0,"ix":5},"o":{"a":0,"k":100,"ix":7}}]},{"ty":"gr","bm":0,"cl":"","ln":"","hd":false,"mn":"ADBE Vector Group","nm":"Group 9","ix":9,"cix":2,"np":4,"it":[{"ty":"sh","bm":0,"cl":"","ln":"","hd":false,"mn":"ADBE Vector Shape - Group","nm":"Path 1","ix":1,"d":1,"ks":{"a":0,"k":{"c":true,"i":[[1.569,0],[0,0],[0,1.57],[-1.57,0],[0,0],[0,-1.569]],"o":[[0,0],[-1.57,0],[0,-1.569],[0,0],[1.569,0],[0,1.57]],"v":[[32.214,2.842],[-32.213,2.842],[-35.055,0.001],[-32.213,-2.842],[32.214,-2.842],[35.055,0.001]]},"ix":2}},{"ty":"fl","bm":0,"cl":"","ln":"","hd":false,"mn":"ADBE Vector Graphic - Fill","nm":"Fill 1","c":{"a":0,"k":[0.2588,0.2824,0.5255],"ix":4},"r":1,"o":{"a":0,"k":100,"ix":5}},{"ty":"tr","a":{"a":0,"k":[0,0],"ix":1},"s":{"a":0,"k":[100,100],"ix":3},"sk":{"a":0,"k":0,"ix":4},"p":{"a":0,"k":[151.998,119.607],"ix":2},"r":{"a":0,"k":0,"ix":6},"sa":{"a":0,"k":0,"ix":5},"o":{"a":0,"k":100,"ix":7}}]},{"ty":"gr","bm":0,"cl":"","ln":"","hd":false,"mn":"ADBE Vector Group","nm":"Group 10","ix":10,"cix":2,"np":4,"it":[{"ty":"sh","bm":0,"cl":"","ln":"","hd":false,"mn":"ADBE Vector Shape - Group","nm":"Path 1","ix":1,"d":1,"ks":{"a":0,"k":{"c":true,"i":[[1.57,0],[0,0],[0,1.57],[-1.57,0],[0,0],[0,-1.569]],"o":[[0,0],[-1.57,0],[0,-1.569],[0,0],[1.57,0],[0,1.57]],"v":[[32.213,2.842],[-32.213,2.842],[-35.055,0],[-32.213,-2.842],[32.213,-2.842],[35.055,0]]},"ix":2}},{"ty":"fl","bm":0,"cl":"","ln":"","hd":false,"mn":"ADBE Vector Graphic - Fill","nm":"Fill 1","c":{"a":0,"k":[0.2588,0.2824,0.5255],"ix":4},"r":1,"o":{"a":0,"k":100,"ix":5}},{"ty":"tr","a":{"a":0,"k":[0,0],"ix":1},"s":{"a":0,"k":[100,100],"ix":3},"sk":{"a":0,"k":0,"ix":4},"p":{"a":0,"k":[142.929,93.116],"ix":2},"r":{"a":0,"k":0,"ix":6},"sa":{"a":0,"k":0,"ix":5},"o":{"a":0,"k":100,"ix":7}}]},{"ty":"gr","bm":0,"cl":"","ln":"","hd":false,"mn":"ADBE Vector Group","nm":"Group 11","ix":11,"cix":2,"np":4,"it":[{"ty":"sh","bm":0,"cl":"","ln":"","hd":false,"mn":"ADBE Vector Shape - Group","nm":"Path 1","ix":1,"d":1,"ks":{"a":0,"k":{"c":true,"i":[[1.569,0],[0,0],[0,1.57],[-1.57,0],[0,0],[0,-1.569]],"o":[[0,0],[-1.57,0],[0,-1.569],[0,0],[1.569,0],[0,1.57]],"v":[[32.214,2.842],[-32.213,2.842],[-35.055,0],[-32.213,-2.842],[32.214,-2.842],[35.055,0]]},"ix":2}},{"ty":"fl","bm":0,"cl":"","ln":"","hd":false,"mn":"ADBE Vector Graphic - Fill","nm":"Fill 1","c":{"a":0,"k":[0.2588,0.2824,0.5255],"ix":4},"r":1,"o":{"a":0,"k":100,"ix":5}},{"ty":"tr","a":{"a":0,"k":[0,0],"ix":1},"s":{"a":0,"k":[100,100],"ix":3},"sk":{"a":0,"k":0,"ix":4},"p":{"a":0,"k":[130.93,64.512],"ix":2},"r":{"a":0,"k":0,"ix":6},"sa":{"a":0,"k":0,"ix":5},"o":{"a":0,"k":100,"ix":7}}]},{"ty":"gr","bm":0,"cl":"","ln":"","hd":false,"mn":"ADBE Vector Group","nm":"Group 12","ix":12,"cix":2,"np":4,"it":[{"ty":"sh","bm":0,"cl":"","ln":"","hd":false,"mn":"ADBE Vector Shape - Group","nm":"Path 1","ix":1,"d":1,"ks":{"a":0,"k":{"c":true,"i":[[1.569,0],[0,0],[0,1.57],[-1.57,0],[0,0],[0,-1.569]],"o":[[0,0],[-1.57,0],[0,-1.569],[0,0],[1.569,0],[0,1.57]],"v":[[32.214,2.842],[-32.213,2.842],[-35.055,0],[-32.213,-2.842],[32.214,-2.842],[35.055,0]]},"ix":2}},{"ty":"fl","bm":0,"cl":"","ln":"","hd":false,"mn":"ADBE Vector Graphic - Fill","nm":"Fill 1","c":{"a":0,"k":[0.2588,0.2824,0.5255],"ix":4},"r":1,"o":{"a":0,"k":100,"ix":5}},{"ty":"tr","a":{"a":0,"k":[0,0],"ix":1},"s":{"a":0,"k":[100,100],"ix":3},"sk":{"a":0,"k":0,"ix":4},"p":{"a":0,"k":[119.154,34.564],"ix":2},"r":{"a":0,"k":0,"ix":6},"sa":{"a":0,"k":0,"ix":5},"o":{"a":0,"k":100,"ix":7}}]},{"ty":"gr","bm":0,"cl":"","ln":"","hd":false,"mn":"ADBE Vector Group","nm":"Group 13","ix":13,"cix":2,"np":4,"it":[{"ty":"sh","bm":0,"cl":"","ln":"","hd":false,"mn":"ADBE Vector Shape - Group","nm":"Path 1","ix":1,"d":1,"ks":{"a":0,"k":{"c":true,"i":[[0.346,0],[0.44,1.119],[0,0],[-1.461,0.574],[-0.574,-1.461],[0,0],[1.462,-0.574]],"o":[[-1.135,0],[0,0],[-0.574,-1.461],[1.459,-0.575],[0,0],[0.574,1.461],[-0.341,0.134]],"v":[[35.415,92.488],[32.769,90.685],[-37.683,-88.606],[-36.078,-92.291],[-32.393,-90.685],[38.06,88.606],[36.453,92.291]]},"ix":2}},{"ty":"fl","bm":0,"cl":"","ln":"","hd":false,"mn":"ADBE Vector Graphic - Fill","nm":"Fill 1","c":{"a":0,"k":[0.2588,0.2824,0.5255],"ix":4},"r":1,"o":{"a":0,"k":100,"ix":5}},{"ty":"tr","a":{"a":0,"k":[0,0],"ix":1},"s":{"a":0,"k":[100,100],"ix":3},"sk":{"a":0,"k":0,"ix":4},"p":{"a":0,"k":[172.547,93.116],"ix":2},"r":{"a":0,"k":0,"ix":6},"sa":{"a":0,"k":0,"ix":5},"o":{"a":0,"k":100,"ix":7}}]},{"ty":"gr","bm":0,"cl":"","ln":"","hd":false,"mn":"ADBE Vector Group","nm":"Group 14","ix":14,"cix":2,"np":4,"it":[{"ty":"sh","bm":0,"cl":"","ln":"","hd":false,"mn":"ADBE Vector Shape - Group","nm":"Path 1","ix":1,"d":1,"ks":{"a":0,"k":{"c":true,"i":[[0.345,0],[0.44,1.119],[0,0],[-1.461,0.574],[-0.574,-1.461],[0,0],[1.462,-0.574]],"o":[[-1.135,0],[0,0],[-0.574,-1.461],[1.459,-0.575],[0,0],[0.574,1.461],[-0.34,0.134]],"v":[[35.039,92.488],[32.393,90.685],[-38.059,-88.606],[-36.454,-92.291],[-32.769,-90.685],[37.683,88.606],[36.077,92.291]]},"ix":2}},{"ty":"fl","bm":0,"cl":"","ln":"","hd":false,"mn":"ADBE Vector Graphic - Fill","nm":"Fill 1","c":{"a":0,"k":[0.2588,0.2824,0.5255],"ix":4},"r":1,"o":{"a":0,"k":100,"ix":5}},{"ty":"tr","a":{"a":0,"k":[0,0],"ix":1},"s":{"a":0,"k":[100,100],"ix":3},"sk":{"a":0,"k":0,"ix":4},"p":{"a":0,"k":[110.137,93.116],"ix":2},"r":{"a":0,"k":0,"ix":6},"sa":{"a":0,"k":0,"ix":5},"o":{"a":0,"k":100,"ix":7}}]},{"ty":"gr","bm":0,"cl":"","ln":"","hd":false,"mn":"ADBE Vector Group","nm":"Group 15","ix":15,"cix":2,"np":4,"it":[{"ty":"sh","bm":0,"cl":"","ln":"","hd":false,"mn":"ADBE Vector Shape - Group","nm":"Path 1","ix":1,"d":1,"ks":{"a":0,"k":{"c":true,"i":[[1.569,0],[0,0],[0,1.57],[-1.57,0],[0,0],[0,-1.569]],"o":[[0,0],[-1.57,0],[0,-1.569],[0,0],[1.569,0],[0,1.57]],"v":[[32.214,2.842],[-32.213,2.842],[-35.055,0],[-32.213,-2.842],[32.214,-2.842],[35.055,0]]},"ix":2}},{"ty":"fl","bm":0,"cl":"","ln":"","hd":false,"mn":"ADBE Vector Graphic - Fill","nm":"Fill 1","c":{"a":0,"k":[0.2588,0.2824,0.5255],"ix":4},"r":1,"o":{"a":0,"k":100,"ix":5}},{"ty":"tr","a":{"a":0,"k":[0,0],"ix":1},"s":{"a":0,"k":[100,100],"ix":3},"sk":{"a":0,"k":0,"ix":4},"p":{"a":0,"k":[162.331,146.099],"ix":2},"r":{"a":0,"k":0,"ix":6},"sa":{"a":0,"k":0,"ix":5},"o":{"a":0,"k":100,"ix":7}}]},{"ty":"gr","bm":0,"cl":"","ln":"","hd":false,"mn":"ADBE Vector Group","nm":"Group 16","ix":16,"cix":2,"np":4,"it":[{"ty":"sh","bm":0,"cl":"","ln":"","hd":false,"mn":"ADBE Vector Shape - Group","nm":"Path 1","ix":1,"d":1,"ks":{"a":0,"k":{"c":true,"i":[[1.569,0],[0,0],[0,1.57],[-1.57,0],[0,0],[0,-1.569]],"o":[[0,0],[-1.57,0],[0,-1.569],[0,0],[1.569,0],[0,1.57]],"v":[[32.214,2.842],[-32.213,2.842],[-35.055,0.001],[-32.213,-2.842],[32.214,-2.842],[35.055,0.001]]},"ix":2}},{"ty":"fl","bm":0,"cl":"","ln":"","hd":false,"mn":"ADBE Vector Graphic - Fill","nm":"Fill 1","c":{"a":0,"k":[0.2588,0.2824,0.5255],"ix":4},"r":1,"o":{"a":0,"k":100,"ix":5}},{"ty":"tr","a":{"a":0,"k":[0,0],"ix":1},"s":{"a":0,"k":[100,100],"ix":3},"sk":{"a":0,"k":0,"ix":4},"p":{"a":0,"k":[151.998,119.607],"ix":2},"r":{"a":0,"k":0,"ix":6},"sa":{"a":0,"k":0,"ix":5},"o":{"a":0,"k":100,"ix":7}}]},{"ty":"gr","bm":0,"cl":"","ln":"","hd":false,"mn":"ADBE Vector Group","nm":"Group 17","ix":17,"cix":2,"np":4,"it":[{"ty":"sh","bm":0,"cl":"","ln":"","hd":false,"mn":"ADBE Vector Shape - Group","nm":"Path 1","ix":1,"d":1,"ks":{"a":0,"k":{"c":true,"i":[[1.57,0],[0,0],[0,1.57],[-1.57,0],[0,0],[0,-1.569]],"o":[[0,0],[-1.57,0],[0,-1.569],[0,0],[1.57,0],[0,1.57]],"v":[[32.213,2.842],[-32.213,2.842],[-35.055,0],[-32.213,-2.842],[32.213,-2.842],[35.055,0]]},"ix":2}},{"ty":"fl","bm":0,"cl":"","ln":"","hd":false,"mn":"ADBE Vector Graphic - Fill","nm":"Fill 1","c":{"a":0,"k":[0.2588,0.2824,0.5255],"ix":4},"r":1,"o":{"a":0,"k":100,"ix":5}},{"ty":"tr","a":{"a":0,"k":[0,0],"ix":1},"s":{"a":0,"k":[100,100],"ix":3},"sk":{"a":0,"k":0,"ix":4},"p":{"a":0,"k":[142.929,93.116],"ix":2},"r":{"a":0,"k":0,"ix":6},"sa":{"a":0,"k":0,"ix":5},"o":{"a":0,"k":100,"ix":7}}]},{"ty":"gr","bm":0,"cl":"","ln":"","hd":false,"mn":"ADBE Vector Group","nm":"Group 18","ix":18,"cix":2,"np":4,"it":[{"ty":"sh","bm":0,"cl":"","ln":"","hd":false,"mn":"ADBE Vector Shape - Group","nm":"Path 1","ix":1,"d":1,"ks":{"a":0,"k":{"c":true,"i":[[1.569,0],[0,0],[0,1.57],[-1.57,0],[0,0],[0,-1.569]],"o":[[0,0],[-1.57,0],[0,-1.569],[0,0],[1.569,0],[0,1.57]],"v":[[32.214,2.842],[-32.213,2.842],[-35.055,0],[-32.213,-2.842],[32.214,-2.842],[35.055,0]]},"ix":2}},{"ty":"fl","bm":0,"cl":"","ln":"","hd":false,"mn":"ADBE Vector Graphic - Fill","nm":"Fill 1","c":{"a":0,"k":[0.2588,0.2824,0.5255],"ix":4},"r":1,"o":{"a":0,"k":100,"ix":5}},{"ty":"tr","a":{"a":0,"k":[0,0],"ix":1},"s":{"a":0,"k":[100,100],"ix":3},"sk":{"a":0,"k":0,"ix":4},"p":{"a":0,"k":[130.93,64.512],"ix":2},"r":{"a":0,"k":0,"ix":6},"sa":{"a":0,"k":0,"ix":5},"o":{"a":0,"k":100,"ix":7}}]},{"ty":"gr","bm":0,"cl":"","ln":"","hd":false,"mn":"ADBE Vector Group","nm":"Group 19","ix":19,"cix":2,"np":4,"it":[{"ty":"sh","bm":0,"cl":"","ln":"","hd":false,"mn":"ADBE Vector Shape - Group","nm":"Path 1","ix":1,"d":1,"ks":{"a":0,"k":{"c":true,"i":[[1.569,0],[0,0],[0,1.57],[-1.57,0],[0,0],[0,-1.569]],"o":[[0,0],[-1.57,0],[0,-1.569],[0,0],[1.569,0],[0,1.57]],"v":[[32.214,2.842],[-32.213,2.842],[-35.055,0],[-32.213,-2.842],[32.214,-2.842],[35.055,0]]},"ix":2}},{"ty":"fl","bm":0,"cl":"","ln":"","hd":false,"mn":"ADBE Vector Graphic - Fill","nm":"Fill 1","c":{"a":0,"k":[0.2588,0.2824,0.5255],"ix":4},"r":1,"o":{"a":0,"k":100,"ix":5}},{"ty":"tr","a":{"a":0,"k":[0,0],"ix":1},"s":{"a":0,"k":[100,100],"ix":3},"sk":{"a":0,"k":0,"ix":4},"p":{"a":0,"k":[119.154,34.564],"ix":2},"r":{"a":0,"k":0,"ix":6},"sa":{"a":0,"k":0,"ix":5},"o":{"a":0,"k":100,"ix":7}}]},{"ty":"gr","bm":0,"cl":"","ln":"","hd":false,"mn":"ADBE Vector Group","nm":"Group 20","ix":20,"cix":2,"np":4,"it":[{"ty":"sh","bm":0,"cl":"","ln":"","hd":false,"mn":"ADBE Vector Shape - Group","nm":"Path 1","ix":1,"d":1,"ks":{"a":0,"k":{"c":true,"i":[[0.346,0],[0.44,1.119],[0,0],[-1.461,0.574],[-0.574,-1.461],[0,0],[1.462,-0.574]],"o":[[-1.135,0],[0,0],[-0.574,-1.461],[1.459,-0.575],[0,0],[0.574,1.461],[-0.341,0.134]],"v":[[35.227,92.677],[32.58,90.874],[-37.872,-88.417],[-36.266,-92.102],[-32.581,-90.496],[37.871,88.795],[36.264,92.48]]},"ix":2}},{"ty":"fl","bm":0,"cl":"","ln":"","hd":false,"mn":"ADBE Vector Graphic - Fill","nm":"Fill 1","c":{"a":0,"k":[0.2588,0.2824,0.5255],"ix":4},"r":1,"o":{"a":0,"k":100,"ix":5}},{"ty":"tr","a":{"a":0,"k":[0,0],"ix":1},"s":{"a":0,"k":[100,100],"ix":3},"sk":{"a":0,"k":0,"ix":4},"p":{"a":0,"k":[172.736,92.927],"ix":2},"r":{"a":0,"k":0,"ix":6},"sa":{"a":0,"k":0,"ix":5},"o":{"a":0,"k":100,"ix":7}}]},{"ty":"gr","bm":0,"cl":"","ln":"","hd":false,"mn":"ADBE Vector Group","nm":"Group 21","ix":21,"cix":2,"np":4,"it":[{"ty":"sh","bm":0,"cl":"","ln":"","hd":false,"mn":"ADBE Vector Shape - Group","nm":"Path 1","ix":1,"d":1,"ks":{"a":0,"k":{"c":true,"i":[[0.345,0],[0.44,1.119],[0,0],[-1.461,0.574],[-0.574,-1.461],[0,0],[1.462,-0.574]],"o":[[-1.135,0],[0,0],[-0.574,-1.461],[1.459,-0.575],[0,0],[0.574,1.461],[-0.34,0.134]],"v":[[35.227,92.677],[32.581,90.874],[-37.871,-88.417],[-36.266,-92.102],[-32.581,-90.496],[37.871,88.795],[36.265,92.48]]},"ix":2}},{"ty":"fl","bm":0,"cl":"","ln":"","hd":false,"mn":"ADBE Vector Graphic - Fill","nm":"Fill 1","c":{"a":0,"k":[0.2588,0.2824,0.5255],"ix":4},"r":1,"o":{"a":0,"k":100,"ix":5}},{"ty":"tr","a":{"a":0,"k":[0,0],"ix":1},"s":{"a":0,"k":[100,100],"ix":3},"sk":{"a":0,"k":0,"ix":4},"p":{"a":0,"k":[109.949,92.927],"ix":2},"r":{"a":0,"k":0,"ix":6},"sa":{"a":0,"k":0,"ix":5},"o":{"a":0,"k":100,"ix":7}}]}],"ind":21},{"ty":4,"nm":"Layer 3 Outlines","mn":"","sr":1,"st":0,"op":210,"ip":0,"hd":false,"cl":"","ln":"","ddd":0,"bm":0,"hasMask":false,"ao":0,"ks":{"a":{"a":0,"k":[92.574,113.239,0],"ix":1},"s":{"a":0,"k":[100,100,100],"ix":6},"sk":{"a":0,"k":0},"p":{"a":0,"k":[137.064,200.624,0],"ix":2},"sa":{"a":0,"k":0},"o":{"a":0,"k":100,"ix":11},"r":{"a":0,"k":0,"ix":10}},"ef":[],"shapes":[{"ty":"gr","bm":0,"cl":"","ln":"","hd":false,"mn":"ADBE Vector Group","nm":"Group 1","ix":1,"cix":2,"np":4,"it":[{"ty":"sh","bm":0,"cl":"","ln":"","hd":false,"mn":"ADBE Vector Shape - Group","nm":"Path 1","ix":1,"d":1,"ks":{"a":0,"k":{"c":true,"i":[[-2.064,3.876],[-14.343,19.039],[0.022,0.995],[2.646,-4.144],[0.925,0.591],[0.386,1.402],[0.262,-0.015],[-0.203,0.288],[-0.008,0.315],[1.97,-1.989],[1.077,-0.575],[-0.808,2.098],[0,0],[1.704,-1.465],[0.448,0.317],[0.627,-0.889],[-0.628,0.889],[0.447,0.316],[0.629,-0.891],[-0.181,1.206],[-0.628,0.89],[1.345,0.948],[-1.077,0.573],[-2.064,3.876],[-22.874,30.526],[-0.896,-0.632],[0.987,-3.303],[-0.271,-1.522],[0.629,-0.891],[-0.716,-1.841],[-0.269,-1.523],[-1.111,1.101],[-6.936,8.588],[-4.075,1.286],[0.881,-1.381],[-3.108,3.848],[-1.346,1.088],[1.302,-3.06],[0,0],[-2.226,2.469],[-0.463,-0.295],[-0.881,1.38],[0.881,-1.38],[-0.461,-0.294],[-0.884,1.383],[0.421,-1.676],[0.882,-1.382],[-1.842,0.708],[-2.973,3.291],[-3.484,0.36],[0.586,-0.918],[-2.221,2.459],[-1.05,0.624],[0.711,-2.133],[0,0],[-1.634,1.542],[-0.462,-0.295],[-0.586,0.918],[0.586,-0.918],[-0.461,-0.295],[-0.586,0.92],[0.125,-1.213],[0.587,-0.919],[-1.387,-0.886],[1.049,-0.621],[1.883,-3.967],[21.445,-31.546],[0.925,0.59],[-0.834,3.345],[0.341,1.508],[-0.586,0.919],[0.8,1.805],[0.339,1.509],[1.758,-2.754],[0.004,0.015],[9.702,-14.476],[-0.075,-0.194],[-0.269,-1.523],[-1.883,2.671],[-0.897,-0.633],[1.167,-4.509],[-0.896,-0.632],[9.327,-9.417],[7.7,-7.773],[3.497,-0.2],[-0.627,0.888],[2.332,-2.354],[1.078,-0.575],[-0.808,2.097],[0,0],[1.703,-1.465],[0.449,0.316],[0.628,-0.89],[-0.626,0.889],[0.448,0.315],[0.629,-0.892],[-0.18,1.206],[-0.628,0.889],[1.345,0.949],[-1.076,0.573]],"o":[[12.719,-19.795],[1.053,-1.779],[1.725,-4.738],[-0.043,-1.97],[-0.979,-0.625],[-0.239,0.072],[0.203,-0.287],[-0.029,-0.266],[-2.115,1.888],[-0.898,-0.633],[1.256,-1.781],[0,0],[-1.706,1.465],[-0.449,-0.317],[-0.448,-0.316],[0.627,-0.889],[-0.448,-0.316],[-0.45,-0.316],[-0.896,-0.632],[0.628,-0.891],[-2.961,3.245],[1.078,-0.575],[-3.229,1.721],[20.631,-32.106],[1.705,-1.464],[-2.51,3.559],[-0.628,0.891],[-0.628,0.891],[0.716,1.838],[0.717,1.837],[-0.524,1.75],[6.451,-10.217],[3.109,-3.85],[-0.881,1.38],[4.033,-3.257],[0.926,0.591],[-1.764,2.764],[0,0],[2.229,-2.469],[0.463,0.296],[0.462,0.294],[-0.881,1.38],[0.462,0.295],[0.464,0.296],[0.923,0.59],[-0.883,1.383],[2.349,-3.078],[2.531,-4.135],[2.221,-2.459],[-0.586,0.917],[3.145,-1.867],[0.925,0.591],[-1.173,1.836],[0,0],[1.637,-1.542],[0.464,0.296],[0.461,0.295],[-0.586,0.918],[0.462,0.295],[0.464,0.296],[0.925,0.591],[-0.586,0.919],[2.809,-3.378],[-1.049,0.623],[3.146,-1.868],[-19.132,33.022],[-1.635,1.542],[2.344,-3.67],[0.586,-0.919],[0.587,-0.919],[-0.799,-1.803],[-0.801,-1.802],[0.837,-3.347],[-0.004,-0.016],[-9.52,14.609],[0.114,0.141],[0.717,1.838],[-0.99,3.305],[0.269,1.522],[1.793,1.264],[-0.179,1.207],[-7.535,10.682],[-7.624,7.953],[-2.332,2.356],[0.628,-0.89],[-3.228,1.719],[-0.897,-0.633],[1.256,-1.781],[0,0],[-1.706,1.465],[-0.449,-0.317],[-0.447,-0.316],[0.628,-0.89],[-0.447,-0.316],[-0.449,-0.317],[-0.896,-0.632],[0.629,-0.892],[-2.961,3.244],[1.078,-0.574],[-3.229,1.722]],"v":[[-82.096,96.068],[-40.882,37.946],[-38.729,33.424],[-44.526,39.446],[-47.215,41.619],[-49.554,38.958],[-50.302,39.1],[-49.693,38.236],[-49.726,37.366],[-54.517,44.124],[-56.94,43.752],[-52.544,37.519],[-53.887,36.571],[-58.284,42.804],[-60.077,41.538],[-61.781,43.002],[-59.269,39.442],[-61.061,38.176],[-62.767,39.641],[-65.007,38.061],[-63.123,35.39],[-70.926,37.887],[-70.117,35.79],[-74.958,35.042],[-7.055,-58.374],[-4.187,-57.682],[-10.645,-47.575],[-7.954,-45.678],[-10.467,-42.115],[-6.434,-39.269],[-8.856,-32.981],[-7.506,-32.678],[12.095,-62.476],[21.839,-75.7],[19.194,-71.557],[27.594,-83.693],[30.327,-83.895],[24.152,-74.223],[25.537,-73.338],[31.713,-83.01],[33.564,-81.829],[35.789,-84.295],[32.261,-78.77],[34.109,-77.59],[36.338,-80.058],[38.648,-78.583],[36.001,-74.437],[42.565,-79.928],[50.674,-91.347],[57.46,-99.937],[55.702,-97.184],[61.44,-105.152],[63.877,-104.889],[59.772,-98.462],[61.158,-97.576],[65.262,-104.005],[67.113,-102.824],[68.747,-104.364],[66.402,-100.691],[68.25,-99.511],[69.886,-101.053],[72.197,-99.576],[70.438,-96.821],[78.117,-99.674],[77.406,-97.544],[82.277,-97.019],[18.744,-0.577],[15.847,-1.136],[21.834,-11.529],[19.058,-13.301],[21.404,-16.975],[17.245,-19.632],[19.375,-26.025],[15.058,-22.32],[15.046,-22.359],[-13.868,21.269],[-13.572,21.756],[-15.994,28.045],[-11.511,24.542],[-9.358,23.394],[-6.939,30.432],[-4.25,32.329],[-29.275,64.001],[-50.266,91.857],[-57.44,100.127],[-55.557,97.458],[-61.656,105.152],[-64.078,104.777],[-59.682,98.546],[-61.025,97.597],[-65.421,103.829],[-67.216,102.564],[-68.919,104.029],[-66.408,100.467],[-68.2,99.204],[-69.905,100.668],[-72.145,99.088],[-70.261,96.417],[-78.064,98.913],[-77.255,96.816]]},"ix":2}},{"ty":"fl","bm":0,"cl":"","ln":"","hd":false,"mn":"ADBE Vector Graphic - Fill","nm":"Fill 1","c":{"a":0,"k":[0.302,0.1922,0.1765],"ix":4},"r":1,"o":{"a":0,"k":100,"ix":5}},{"ty":"tr","a":{"a":0,"k":[0,0],"ix":1},"s":{"a":0,"k":[100,100],"ix":3},"sk":{"a":0,"k":0,"ix":4},"p":{"a":0,"k":[84.41,105.402],"ix":2},"r":{"a":0,"k":0,"ix":6},"sa":{"a":0,"k":0,"ix":5},"o":{"a":0,"k":100,"ix":7}}]},{"ty":"gr","bm":0,"cl":"","ln":"","hd":false,"mn":"ADBE Vector Group","nm":"Group 2","ix":2,"cix":2,"np":4,"it":[{"ty":"sh","bm":0,"cl":"","ln":"","hd":false,"mn":"ADBE Vector Shape - Group","nm":"Path 1","ix":1,"d":1,"ks":{"a":0,"k":{"c":true,"i":[[-13.262,11.438],[-10.948,9.443],[-6.397,-2.047],[0.783,-1.256],[-3.315,2.859],[-1.751,0.345],[0.6,-3.43],[0,0],[-2.531,1.605],[-0.967,-0.912],[-0.783,1.257],[0.782,-1.257],[-0.965,-0.91],[-0.784,1.258],[-0.182,-2.169],[0.783,-1.258],[-2.9,-2.738],[1.75,-0.343],[2.167,-5.94],[29.339,-42.187],[1.933,1.826],[-0.415,5.596],[1.154,3.083],[-0.784,1.26],[2.117,3.997],[1.151,3.084],[2.349,-3.772],[1.933,1.825],[-0.234,7.763],[1.933,1.824]],"o":[[10.729,-9.838],[3.316,-2.859],[-0.782,1.257],[5.249,-1.031],[1.934,1.826],[-1.566,2.515],[0,0],[2.536,-1.602],[0.969,0.914],[0.965,0.912],[-0.783,1.257],[0.966,0.911],[0.969,0.914],[1.933,1.823],[-0.784,1.259],[4.1,-4.117],[-1.752,0.345],[5.248,-1.034],[-24.504,46.748],[-2.534,1.602],[3.131,-5.026],[0.784,-1.258],[0.783,-1.258],[-2.114,-3.99],[-2.117,-3.992],[0.42,-5.598],[-1.151,-3.081],[-3.865,-3.648],[-0.185,-2.171],[9.397,-15.088]],"v":[[-26.767,-26.008],[0.223,-64.423],[9.983,-75.172],[7.635,-71.402],[15.648,-81.805],[20.299,-79.413],[14.817,-70.609],[17.714,-67.875],[23.196,-76.678],[27.065,-73.027],[29.596,-74.63],[26.464,-69.6],[30.328,-65.953],[32.863,-67.553],[37.694,-62.995],[35.345,-59.221],[48.742,-58.556],[48.142,-55.13],[57.438,-50.349],[-28.46,80.202],[-34.075,76.895],[-26.429,62.156],[-32.23,56.679],[-29.097,51.646],[-37.793,43.438],[-35.995,33.16],[-42.808,36.712],[-46.307,37.402],[-53.806,22.339],[-59.605,16.865]]},"ix":2}},{"ty":"fl","bm":0,"cl":"","ln":"","hd":false,"mn":"ADBE Vector Graphic - Fill","nm":"Fill 1","c":{"a":0,"k":[0.302,0.1922,0.1765],"ix":4},"r":1,"o":{"a":0,"k":100,"ix":5}},{"ty":"tr","a":{"a":0,"k":[0,0],"ix":1},"s":{"a":0,"k":[100,100],"ix":3},"sk":{"a":0,"k":0,"ix":4},"p":{"a":0,"k":[125.293,144.423],"ix":2},"r":{"a":0,"k":0,"ix":6},"sa":{"a":0,"k":0,"ix":5},"o":{"a":0,"k":100,"ix":7}}]}],"ind":22},{"ty":3,"nm":"","mn":"","sr":1,"st":0,"op":210,"ip":0,"hd":false,"cl":"","ln":"","ddd":0,"bm":0,"hasMask":false,"ao":0,"ks":{"a":{"a":0,"k":[114.162,6.166,0],"ix":1},"s":{"a":0,"k":[38.954,57.593,100],"ix":6},"sk":{"a":0,"k":0},"p":{"a":0,"k":[331.585,406.675,0],"ix":2},"sa":{"a":0,"k":0},"o":{"a":0,"k":100,"ix":11},"r":{"a":0,"k":0,"ix":10}},"ef":[],"ind":23},{"ty":3,"nm":"","mn":"","sr":1,"st":0,"op":210,"ip":0,"hd":false,"cl":"","ln":"","ddd":0,"bm":0,"hasMask":false,"ao":0,"ks":{"a":{"a":0,"k":[114.162,6.166,0],"ix":1},"s":{"a":0,"k":[100,100,100],"ix":6},"sk":{"a":0,"k":0},"p":{"a":0,"k":[155.585,405.675,0],"ix":2},"sa":{"a":0,"k":0},"o":{"a":0,"k":100,"ix":11},"r":{"a":0,"k":0,"ix":10}},"ef":[],"ind":24},{"ty":3,"mn":"","sr":1,"st":0,"op":210,"ip":0,"hd":false,"cl":"","ln":"","ddd":0,"bm":0,"tt":0,"hasMask":false,"td":0,"ao":0,"ks":{"a":{"a":0,"k":[160.456,161.171,0],"ix":1},"s":{"a":0,"k":[100,100,100],"ix":6},"sk":{"a":0,"k":0},"p":{"a":0,"k":[178.663,251.443,0],"ix":2},"sa":{"a":0,"k":0},"o":{"a":0,"k":8,"ix":11},"r":{"a":0,"k":0,"ix":10}},"ind":25}],"ddd":0,"h":500,"w":500,"meta":{"a":"","k":"","d":"","g":"@lottiefiles/toolkit-js 0.21.3","tc":"#000000"},"v":"5.7.3","fr":60,"op":210,"ip":0,"fonts":{"list":[{"ascent":74.1989135742188,"fClass":"","fFamily":"Montserrat","fName":"Montserrat-Black","fStyle":"Black","fPath":"","fWeight":"","origin":0},{"ascent":74.1989135742188,"fClass":"","fFamily":"Montserrat","fName":"Montserrat-Medium","fStyle":"Medium","fPath":"","fWeight":"","origin":0}]},"chars":[{"ch":"U","fFamily":"Montserrat","size":27.4400005340576,"style":"Black","w":78.4,"data":{"shapes":[{"ty":"gr","bm":0,"cl":"","ln":"","hd":false,"mn":"ADBE Vector Group","nm":"U","ix":1,"cix":2,"np":3,"it":[{"ty":"sh","bm":0,"cl":"","ln":"","hd":false,"mn":"ADBE Vector Shape - Group","nm":"U","ix":1,"d":1,"ks":{"a":0,"k":{"c":true,"i":[[-21.652,0],[0,21.149],[0,0],[0,0],[0,0],[6.647,0],[0,10.776],[0,0],[0,0],[0,0]],"o":[[21.652,0],[0,0],[0,0],[0,0],[0,10.776],[-6.647,0],[0,0],[0,0],[0,0],[0,21.149]],"v":[[39.478,1.611],[73.819,-31.723],[73.819,-70.496],[50.455,-70.496],[50.455,-32.428],[39.679,-17.624],[28.903,-32.428],[28.903,-70.496],[5.136,-70.496],[5.136,-31.723]]},"ix":2}}]}]}},{"ch":"N","fFamily":"Montserrat","size":27.4400005340576,"style":"Black","w":80.4,"data":{"shapes":[{"ty":"gr","bm":0,"cl":"","ln":"","hd":false,"mn":"ADBE Vector Group","nm":"N","ix":1,"cix":2,"np":3,"it":[{"ty":"sh","bm":0,"cl":"","ln":"","hd":false,"mn":"ADBE Vector Shape - Group","nm":"N","ix":1,"d":1,"ks":{"a":0,"k":{"c":true,"i":[[0,0],[0,0],[0,0],[0,0],[0,0],[0,0],[0,0],[0,0],[0,0],[0,0]],"o":[[0,0],[0,0],[0,0],[0,0],[0,0],[0,0],[0,0],[0,0],[0,0],[0,0]],"v":[[52.066,-70.496],[52.066,-38.47],[25.278,-70.496],[5.74,-70.496],[5.74,0],[28.903,0],[28.903,-32.025],[55.692,0],[75.229,0],[75.229,-70.496]]},"ix":2}}]}]}},{"ch":"D","fFamily":"Montserrat","size":27.4400005340576,"style":"Black","w":82.6,"data":{"shapes":[{"ty":"gr","bm":0,"cl":"","ln":"","hd":false,"mn":"ADBE Vector Group","nm":"D","ix":1,"cix":2,"np":5,"it":[{"ty":"sh","bm":0,"cl":"","ln":"","hd":false,"mn":"ADBE Vector Shape - Group","nm":"D","ix":1,"d":1,"ks":{"a":0,"k":{"c":true,"i":[[0,0],[0,0],[0,21.854],[23.566,0],[0,0]],"o":[[0,0],[23.566,0],[0,-21.854],[0,0],[0,0]],"v":[[5.74,0],[40.485,0],[80.264,-35.248],[40.485,-70.496],[5.74,-70.496]]},"ix":2}},{"ty":"sh","bm":0,"cl":"","ln":"","hd":false,"mn":"ADBE Vector Shape - Group","nm":"D","ix":2,"d":1,"ks":{"a":0,"k":{"c":true,"i":[[0,0],[0,0],[0,0],[0,-10.776],[9.97,0]],"o":[[0,0],[0,0],[9.97,0],[0,10.776],[0,0]],"v":[[29.507,-18.53],[29.507,-51.965],[39.478,-51.965],[56.296,-35.248],[39.478,-18.53]]},"ix":2}}]}]}},{"ch":"E","fFamily":"Montserrat","size":27.4400005340576,"style":"Black","w":67.3,"data":{"shapes":[{"ty":"gr","bm":0,"cl":"","ln":"","hd":false,"mn":"ADBE Vector Group","nm":"E","ix":1,"cix":2,"np":3,"it":[{"ty":"sh","bm":0,"cl":"","ln":"","hd":false,"mn":"ADBE Vector Shape - Group","nm":"E","ix":1,"d":1,"ks":{"a":0,"k":{"c":true,"i":[[0,0],[0,0],[0,0],[0,0],[0,0],[0,0],[0,0],[0,0],[0,0],[0,0],[0,0],[0,0]],"o":[[0,0],[0,0],[0,0],[0,0],[0,0],[0,0],[0,0],[0,0],[0,0],[0,0],[0,0],[0,0]],"v":[[29.105,-17.926],[29.105,-27.191],[58.914,-27.191],[58.914,-44.312],[29.105,-44.312],[29.105,-52.57],[63.043,-52.57],[63.043,-70.496],[5.74,-70.496],[5.74,0],[64.352,0],[64.352,-17.926]]},"ix":2}}]}]}},{"ch":"R","fFamily":"Montserrat","size":27.4400005340576,"style":"Black","w":74.5,"data":{"shapes":[{"ty":"gr","bm":0,"cl":"","ln":"","hd":false,"mn":"ADBE Vector Group","nm":"R","ix":1,"cix":2,"np":5,"it":[{"ty":"sh","bm":0,"cl":"","ln":"","hd":false,"mn":"ADBE Vector Shape - Group","nm":"R","ix":1,"d":1,"ks":{"a":0,"k":{"c":true,"i":[[0,0],[0,0],[0,0],[0,10.172],[19.638,0],[0,0],[0,0],[0,0],[0,0],[0,0]],"o":[[0,0],[0,0],[8.459,-4.33],[0,-16.315],[0,0],[0,0],[0,0],[0,0],[0,0],[0,0]],"v":[[47.937,0],[73.315,0],[58.511,-21.753],[71.805,-43.909],[39.679,-70.496],[5.74,-70.496],[5.74,0],[29.507,0],[29.507,-17.725],[35.953,-17.725]]},"ix":2}},{"ty":"sh","bm":0,"cl":"","ln":"","hd":false,"mn":"ADBE Vector Shape - Group","nm":"R","ix":2,"d":1,"ks":{"a":0,"k":{"c":true,"i":[[0,-5.136],[6.546,0],[0,0],[0,0],[0,0]],"o":[[0,5.136],[0,0],[0,0],[0,0],[6.546,0]],"v":[[47.836,-43.909],[38.168,-35.651],[29.507,-35.651],[29.507,-52.167],[38.168,-52.167]]},"ix":2}}]}]}},{"ch":"\r","fFamily":"Montserrat","size":27.4400005340576,"style":"Black","w":0,"data":{}},{"ch":"C","fFamily":"Montserrat","size":27.4400005340576,"style":"Black","w":72.9,"data":{"shapes":[{"ty":"gr","bm":0,"cl":"","ln":"","hd":false,"mn":"ADBE Vector Group","nm":"C","ix":1,"cix":2,"np":3,"it":[{"ty":"sh","bm":0,"cl":"","ln":"","hd":false,"mn":"ADBE Vector Shape - Group","nm":"C","ix":1,"d":1,"ks":{"a":0,"k":{"c":true,"i":[[-22.659,0],[-6.949,9.064],[0,0],[6.345,0],[0,10.776],[-9.869,0],[-4.129,-5.237],[0,0],[13.797,0],[0,-21.652]],"o":[[13.797,0],[0,0],[-4.129,5.237],[-9.869,0],[0,-10.776],[6.345,0],[0,0],[-6.949,-9.064],[-22.659,0],[0,21.652]],"v":[[42.197,1.611],[73.819,-12.488],[58.813,-25.882],[43.405,-17.624],[26.889,-35.248],[43.405,-52.872],[58.813,-44.614],[73.819,-58.008],[42.197,-72.107],[2.921,-35.248]]},"ix":2}}]}]}},{"ch":"O","fFamily":"Montserrat","size":27.4400005340576,"style":"Black","w":84.8,"data":{"shapes":[{"ty":"gr","bm":0,"cl":"","ln":"","hd":false,"mn":"ADBE Vector Group","nm":"O","ix":1,"cix":2,"np":5,"it":[{"ty":"sh","bm":0,"cl":"","ln":"","hd":false,"mn":"ADBE Vector Shape - Group","nm":"O","ix":1,"d":1,"ks":{"a":0,"k":{"c":true,"i":[[-22.961,0],[0,21.35],[22.961,0],[0,-21.35]],"o":[[22.961,0],[0,-21.35],[-22.961,0],[0,21.35]],"v":[[42.7,1.611],[82.48,-35.248],[42.7,-72.107],[2.921,-35.248]]},"ix":2}},{"ty":"sh","bm":0,"cl":"","ln":"","hd":false,"mn":"ADBE Vector Shape - Group","nm":"O","ix":2,"d":1,"ks":{"a":0,"k":{"c":true,"i":[[8.762,0],[0,10.977],[-8.762,0],[0,-10.977]],"o":[[-8.762,0],[0,-10.977],[8.762,0],[0,10.977]],"v":[[42.7,-17.624],[26.889,-35.248],[42.7,-52.872],[58.511,-35.248]]},"ix":2}}]}]}},{"ch":"S","fFamily":"Montserrat","size":27.4400005340576,"style":"Black","w":65.7,"data":{"shapes":[{"ty":"gr","bm":0,"cl":"","ln":"","hd":false,"mn":"ADBE Vector Group","nm":"S","ix":1,"cix":2,"np":3,"it":[{"ty":"sh","bm":0,"cl":"","ln":"","hd":false,"mn":"ADBE Vector Shape - Group","nm":"S","ix":1,"d":1,"ks":{"a":0,"k":{"c":true,"i":[[-11.783,0],[0,12.891],[0,8.459],[-6.949,0],[-6.949,-3.525],[0,0],[9.467,0],[0,-13.092],[0,-8.862],[6.747,0],[6.647,3.928],[0,0]],"o":[[21.854,0],[0,-25.983],[0,-2.417],[6.143,0],[0,0],[-7.352,-4.129],[-21.854,0],[0,26.285],[0,2.417],[-7.755,0],[0,0],[7.05,4.33]],"v":[[32.025,1.611],[64.856,-22.156],[25.882,-49.548],[35.046,-53.979],[54.684,-48.743],[61.835,-65.964],[35.248,-72.107],[2.417,-48.34],[41.391,-20.343],[32.227,-16.516],[8.963,-22.961],[1.309,-5.64]]},"ix":2}}]}]}},{"ch":"T","fFamily":"Montserrat","size":27.4400005340576,"style":"Black","w":66.4,"data":{"shapes":[{"ty":"gr","bm":0,"cl":"","ln":"","hd":false,"mn":"ADBE Vector Group","nm":"T","ix":1,"cix":2,"np":3,"it":[{"ty":"sh","bm":0,"cl":"","ln":"","hd":false,"mn":"ADBE Vector Shape - Group","nm":"T","ix":1,"d":1,"ks":{"a":0,"k":{"c":true,"i":[[0,0],[0,0],[0,0],[0,0],[0,0],[0,0],[0,0],[0,0]],"o":[[0,0],[0,0],[0,0],[0,0],[0,0],[0,0],[0,0],[0,0]],"v":[[21.048,0],[44.815,0],[44.815,-52.066],[65.46,-52.066],[65.46,-70.496],[0.403,-70.496],[0.403,-52.066],[21.048,-52.066]]},"ix":2}}]}]}},{"ch":"I","fFamily":"Montserrat","size":27.4400005340576,"style":"Black","w":35,"data":{"shapes":[{"ty":"gr","bm":0,"cl":"","ln":"","hd":false,"mn":"ADBE Vector Group","nm":"I","ix":1,"cix":2,"np":3,"it":[{"ty":"sh","bm":0,"cl":"","ln":"","hd":false,"mn":"ADBE Vector Shape - Group","nm":"I","ix":1,"d":1,"ks":{"a":0,"k":{"c":true,"i":[[0,0],[0,0],[0,0],[0,0]],"o":[[0,0],[0,0],[0,0],[0,0]],"v":[[5.74,0],[29.507,0],[29.507,-70.496],[5.74,-70.496]]},"ix":2}}]}]}},{"ch":"C","fFamily":"Montserrat","size":9.96000003814697,"style":"Medium","w":70.8,"data":{"shapes":[{"ty":"gr","bm":0,"cl":"","ln":"","hd":false,"mn":"ADBE Vector Group","nm":"C","ix":1,"cix":2,"np":3,"it":[{"ty":"sh","bm":0,"cl":"","ln":"","hd":false,"mn":"ADBE Vector Shape - Group","nm":"C","ix":1,"d":1,"ks":{"a":0,"k":{"c":true,"i":[[-21.35,0],[-6.445,7.251],[0,0],[7.755,0],[0,15.61],[-15.912,0],[-5.438,-5.74],[0,0],[10.876,0],[0,-20.847]],"o":[[10.977,0],[0,0],[-5.438,5.74],[-15.912,0],[0,-15.61],[7.755,0],[0,0],[-6.445,-7.251],[-21.451,0],[0,20.847]],"v":[[42.096,0.806],[68.985,-10.272],[62.439,-16.617],[42.599,-8.157],[14.905,-35.248],[42.599,-62.338],[62.439,-53.979],[68.985,-60.324],[42.197,-71.301],[4.834,-35.248]]},"ix":2}}]}]}},{"ch":"o","fFamily":"Montserrat","size":9.96000003814697,"style":"Medium","w":63.5,"data":{"shapes":[{"ty":"gr","bm":0,"cl":"","ln":"","hd":false,"mn":"ADBE Vector Group","nm":"o","ix":1,"cix":2,"np":5,"it":[{"ty":"sh","bm":0,"cl":"","ln":"","hd":false,"mn":"ADBE Vector Shape - Group","nm":"o","ix":1,"d":1,"ks":{"a":0,"k":{"c":true,"i":[[-16.013,0],[0,15.912],[16.013,0],[0,-15.912]],"o":[[16.013,0],[0,-15.912],[-16.013,0],[0,15.912]],"v":[[32.025,0.604],[59.72,-26.688],[32.025,-53.879],[4.23,-26.688]]},"ix":2}},{"ty":"sh","bm":0,"cl":"","ln":"","hd":false,"mn":"ADBE Vector Shape - Group","nm":"o","ix":2,"d":1,"ks":{"a":0,"k":{"c":true,"i":[[10.272,0],[0,11.38],[-10.272,0],[0,-11.38]],"o":[[-10.272,0],[0,-11.38],[10.272,0],[0,11.38]],"v":[[32.025,-7.855],[13.998,-26.688],[32.025,-45.419],[49.951,-26.688]]},"ix":2}}]}]}},{"ch":"n","fFamily":"Montserrat","size":9.96000003814697,"style":"Medium","w":68.1,"data":{"shapes":[{"ty":"gr","bm":0,"cl":"","ln":"","hd":false,"mn":"ADBE Vector Group","nm":"n","ix":1,"cix":2,"np":3,"it":[{"ty":"sh","bm":0,"cl":"","ln":"","hd":false,"mn":"ADBE Vector Shape - Group","nm":"n","ix":1,"d":1,"ks":{"a":0,"k":{"c":true,"i":[[12.991,0],[3.928,-5.438],[0,0],[0,0],[0,0],[0,0],[0,0],[-10.272,0],[0,-10.474],[0,0],[0,0],[0,0]],"o":[[-8.459,0],[0,0],[0,0],[0,0],[0,0],[0,0],[0,-11.581],[9.164,0],[0,0],[0,0],[0,0],[0,-15.71]],"v":[[37.665,-53.879],[18.43,-45.319],[18.43,-53.375],[9.164,-53.375],[9.164,0],[18.832,0],[18.832,-27.493],[35.751,-45.218],[50.153,-29.608],[50.153,0],[59.821,0],[59.821,-30.716]]},"ix":2}}]}]}},{"ch":"t","fFamily":"Montserrat","size":9.96000003814697,"style":"Medium","w":40.1,"data":{"shapes":[{"ty":"gr","bm":0,"cl":"","ln":"","hd":false,"mn":"ADBE Vector Group","nm":"t","ix":1,"cix":2,"np":3,"it":[{"ty":"sh","bm":0,"cl":"","ln":"","hd":false,"mn":"ADBE Vector Shape - Group","nm":"t","ix":1,"d":1,"ks":{"a":0,"k":{"c":true,"i":[[0,0],[2.82,0],[0,5.74],[0,0],[0,0],[0,0],[0,0],[0,0],[0,0],[0,0],[0,0],[0,0],[0,0],[0,0],[-10.776,0],[-2.921,2.518]],"o":[[-2.014,1.611],[-5.338,0],[0,0],[0,0],[0,0],[0,0],[0,0],[0,0],[0,0],[0,0],[0,0],[0,0],[0,0],[0,10.776],[4.33,0],[0,0]],"v":[[36.154,-10.071],[28.601,-7.553],[20.242,-16.516],[20.242,-45.419],[35.55,-45.419],[35.55,-53.375],[20.242,-53.375],[20.242,-65.057],[10.574,-65.057],[10.574,-53.375],[1.511,-53.375],[1.511,-45.419],[10.574,-45.419],[10.574,-16.113],[27.493,0.604],[39.175,-3.122]]},"ix":2}}]}]}},{"ch":"a","fFamily":"Montserrat","size":9.96000003814697,"style":"Medium","w":59.8,"data":{"shapes":[{"ty":"gr","bm":0,"cl":"","ln":"","hd":false,"mn":"ADBE Vector Group","nm":"a","ix":1,"cix":2,"np":5,"it":[{"ty":"sh","bm":0,"cl":"","ln":"","hd":false,"mn":"ADBE Vector Shape - Group","nm":"a","ix":1,"d":1,"ks":{"a":0,"k":{"c":true,"i":[[14.603,0],[5.539,-4.431],[0,0],[-6.345,0],[0,-8.157],[0,0],[0,0],[0,-8.56],[-12.085,0],[-3.223,4.834],[0,0],[0,0],[0,0]],"o":[[-8.56,0],[0,0],[4.129,-3.525],[9.567,0],[0,0],[0,0],[-15.912,0],[0,9.265],[8.359,0],[0,0],[0,0],[0,0],[0,-14.603]],"v":[[28.601,-53.879],[6.546,-47.031],[10.574,-39.78],[27.493,-45.52],[41.794,-32.629],[41.794,-30.716],[26.486,-30.716],[5.035,-15.106],[24.774,0.604],[42.297,-7.05],[42.297,0],[51.462,0],[51.462,-32.227]]},"ix":2}},{"ty":"sh","bm":0,"cl":"","ln":"","hd":false,"mn":"ADBE Vector Shape - Group","nm":"a","ix":2,"d":1,"ks":{"a":0,"k":{"c":true,"i":[[7.251,0],[0,5.338],[-9.567,0],[0,0],[0,0]],"o":[[-7.352,0],[0,-4.532],[0,0],[0,0],[-2.417,6.143]],"v":[[26.385,-6.848],[14.603,-15.509],[26.889,-23.767],[41.794,-23.767],[41.794,-16.315]]},"ix":2}}]}]}},{"ch":"c","fFamily":"Montserrat","size":9.96000003814697,"style":"Medium","w":56.3,"data":{"shapes":[{"ty":"gr","bm":0,"cl":"","ln":"","hd":false,"mn":"ADBE Vector Group","nm":"c","ix":1,"cix":2,"np":3,"it":[{"ty":"sh","bm":0,"cl":"","ln":"","hd":false,"mn":"ADBE Vector Shape - Group","nm":"c","ix":1,"d":1,"ks":{"a":0,"k":{"c":true,"i":[[-16.415,0],[-4.23,7.452],[0,0],[5.841,0],[0,11.581],[-10.474,0],[-3.424,-5.237],[0,0],[9.567,0],[0,-15.912]],"o":[[9.567,0],[0,0],[-3.424,5.237],[-10.474,0],[0,-11.38],[5.841,0],[0,0],[-4.23,-7.452],[-16.415,0],[0,15.912]],"v":[[32.428,0.604],[54.181,-10.876],[46.829,-15.509],[32.327,-7.855],[13.998,-26.688],[32.327,-45.419],[46.829,-37.766],[54.181,-42.499],[32.428,-53.879],[4.23,-26.688]]},"ix":2}}]}]}},{"ch":" ","fFamily":"Montserrat","size":9.96000003814697,"style":"Medium","w":26.9,"data":{}},{"ch":"U","fFamily":"Montserrat","size":9.96000003814697,"style":"Medium","w":79.1,"data":{"shapes":[{"ty":"gr","bm":0,"cl":"","ln":"","hd":false,"mn":"ADBE Vector Group","nm":"U","ix":1,"cix":2,"np":3,"it":[{"ty":"sh","bm":0,"cl":"","ln":"","hd":false,"mn":"ADBE Vector Shape - Group","nm":"U","ix":1,"d":1,"ks":{"a":0,"k":{"c":true,"i":[[-18.53,0],[0,20.444],[0,0],[0,0],[0,0],[12.689,0],[0,15.61],[0,0],[0,0],[0,0]],"o":[[18.631,0],[0,0],[0,0],[0,0],[0,15.61],[-12.689,0],[0,0],[0,0],[0,0],[0,20.444]],"v":[[39.78,0.806],[69.589,-30.414],[69.589,-70.496],[59.821,-70.496],[59.821,-30.817],[39.88,-8.157],[20.041,-30.817],[20.041,-70.496],[9.97,-70.496],[9.97,-30.414]]},"ix":2}}]}]}},{"ch":"s","fFamily":"Montserrat","size":9.96000003814697,"style":"Medium","w":50.1,"data":{"shapes":[{"ty":"gr","bm":0,"cl":"","ln":"","hd":false,"mn":"ADBE Vector Group","nm":"s","ix":1,"cix":2,"np":3,"it":[{"ty":"sh","bm":0,"cl":"","ln":"","hd":false,"mn":"ADBE Vector Shape - Group","nm":"s","ix":1,"d":1,"ks":{"a":0,"k":{"c":true,"i":[[-8.862,0],[0,9.668],[0,12.589],[-8.459,0],[-4.834,-3.122],[0,0],[6.949,0],[0,-9.567],[0,-11.984],[8.963,0],[4.532,3.223],[0,0]],"o":[[14.2,0],[0,-20.746],[0,-4.23],[5.237,0],[0,0],[-4.633,-3.021],[-13.696,0],[0,21.249],[0,4.532],[-6.949,0],[0,0],[4.431,3.525]],"v":[[24.472,0.604],[47.534,-15.207],[13.696,-38.269],[26.285,-45.621],[41.693,-41.391],[45.822,-49.045],[26.385,-53.879],[4.129,-37.866],[37.866,-15.005],[25.177,-7.755],[6.445,-13.293],[2.417,-5.64]]},"ix":2}}]}]}}],"assets":[]}